# Blender 5.0.1
# www.blender.org
mtllib Maze2.mtl
o Plane
v -16.000090 0.000010 1.001208
v -1.000089 0.000010 1.001208
v -16.000090 0.000010 0.001208
v -1.000089 0.000010 0.001208
v -1.000089 0.000010 1.001208
v -1.000089 0.000010 0.001208
v -1.000089 0.000011 16.001209
v -1.000089 0.000010 0.001208
v -0.000089 0.000011 16.001209
v -0.000089 0.000010 0.001208
v -5.000088 0.000011 16.001209
v -0.000089 0.000011 16.001209
v -5.000088 0.000011 17.001207
v -0.000089 0.000011 17.001207
v -5.000088 0.000011 16.001209
v -5.000088 0.000013 40.001205
v -6.000088 0.000011 16.001209
v -6.000088 0.000013 40.001205
v -16.000090 0.000010 5.001210
v -16.000090 0.000010 0.001208
v -17.000090 0.000010 5.001210
v -17.000090 0.000010 0.001208
v -16.000090 0.000010 5.001210
v -55.000088 0.000010 5.001210
v -16.000090 0.000010 6.001210
v -55.000088 0.000010 6.001210
v -55.000088 0.000010 1.001208
v -56.000088 0.000010 1.001208
v -71.000092 0.000010 0.001208
v -71.000092 0.000010 1.001208
v -55.000088 0.000010 6.001210
v -55.020088 0.000010 1.001208
v -56.000092 0.000010 6.001210
v -71.000107 0.000010 0.001208
v -55.020088 0.000010 0.001208
v -71.000107 0.000011 16.001209
v -72.000092 0.000010 0.001208
v -72.000092 0.000011 16.001209
v -71.000168 0.000011 16.001209
v -72.000153 0.000011 16.001209
v -71.000168 0.000011 17.001207
v -72.000153 0.000011 17.001207
v -1.000089 0.000013 40.001205
v -6.000088 0.000013 40.001205
v -1.000089 0.000013 41.001205
v -6.000088 -0.000085 41.001205
v -1.000089 0.000013 40.001205
v -1.000089 -0.000084 56.001209
v -1.000089 0.000013 41.001205
v -0.000089 0.000014 56.001209
v -0.000087 0.000013 40.001205
v -0.000089 0.000210 41.001205
v -16.000090 0.000014 56.001209
v -0.000089 0.000014 57.001202
v -16.000090 0.000014 57.001202
v -0.000089 0.000014 56.001202
v -16.000168 0.000014 56.001202
v -16.000168 0.000014 57.001202
v -17.000090 0.000014 56.001202
v -17.000090 0.000014 57.001202
v -16.000656 0.000014 56.001209
v -17.000578 0.000014 56.001209
v -16.000656 0.000014 52.001205
v -17.000578 0.000014 52.001205
v -16.000656 0.000014 52.001205
v -55.000092 0.000014 52.001205
v -16.000656 0.000014 51.001205
v -55.000092 0.000014 51.001205
v -55.000092 0.000014 52.001205
v -55.000092 0.000014 51.001205
v -56.000088 0.000014 52.001205
v -56.000088 0.000014 51.001205
v -55.000092 0.000014 52.001205
v -56.000088 0.000014 52.001205
v -55.000092 0.000014 56.001209
v -56.000088 0.000014 56.001209
v -55.000092 0.000014 55.993706
v -71.000092 0.000014 56.001209
v -55.000092 0.000014 57.001209
v -71.000092 0.000014 57.001209
v -71.000092 0.000013 41.001213
v -71.000092 0.000014 57.032688
v -72.000092 0.000013 41.001213
v -72.000092 0.000014 57.032688
v -67.000092 0.000013 41.001190
v -72.000092 0.000013 41.001190
v -67.000092 0.000013 40.001205
v -72.000092 0.000013 40.001205
v -67.000092 0.000013 41.001076
v -67.000092 0.000013 40.001091
v -66.000092 0.000013 41.001076
v -66.000092 0.000013 40.001091
v -67.000092 0.000013 40.001091
v -66.000092 0.000013 40.001091
v -67.000092 0.000011 17.001207
v -66.000092 0.000011 17.001207
v -71.000092 0.000011 17.001207
v -66.000092 0.000011 17.001207
v -71.000092 0.000011 16.001207
v -66.000092 0.000011 16.001207
v -17.000090 0.000011 11.001209
v -26.000090 0.000011 11.001209
v -17.000090 0.000011 12.001209
v -26.000090 0.000011 12.001209
v -17.000090 0.000011 11.001209
v -17.000090 0.000011 12.001209
v -17.000090 0.000011 11.001209
v -17.000090 0.000011 12.001209
v -17.000090 0.000011 11.001209
v -17.000090 0.000011 16.001209
v -16.000090 0.000011 11.001209
v -16.000090 0.000011 16.001209
v -17.000090 0.000011 16.001209
v -12.000088 0.000011 16.001209
v -17.000090 0.000011 17.001207
v -12.000088 0.000011 17.001207
v -12.000088 0.000011 16.001209
v -12.000088 0.000012 25.001207
v -11.000088 0.000011 16.001209
v -11.000088 0.000012 25.001207
v -20.000092 0.000012 25.001207
v -11.000088 0.000012 25.001207
v -20.000092 0.000012 26.001205
v -11.000088 0.000012 26.001205
v -20.000092 0.000012 21.001207
v -20.000092 0.000012 26.001205
v -21.000092 0.000012 21.001207
v -21.000092 0.000012 26.001205
v -20.000092 0.000012 21.001207
v -25.000092 0.000012 21.001207
v -20.000092 0.000012 20.001209
v -25.000092 0.000012 20.001209
v -25.000092 0.000012 21.001207
v -25.000092 0.000011 12.001209
v -26.000092 0.000012 21.001207
v -26.000092 0.000011 12.001209
v -46.001007 0.000013 46.003052
v -55.001011 0.000013 46.003052
v -46.001007 0.000013 45.003059
v -55.001011 0.000013 45.003059
v -46.001007 0.000013 45.003059
v -46.001007 0.000013 36.003056
v -47.001007 0.000013 45.003059
v -47.001007 0.000013 36.003056
v -47.001007 0.000013 37.003056
v -52.001007 0.000013 37.003056
v -47.001007 0.000013 36.003056
v -52.001007 0.000013 36.003056
v -51.001007 0.000013 36.003056
v -51.001007 0.000012 31.003057
v -52.001007 0.000013 36.003056
v -52.001007 0.000012 31.003057
v -52.001007 0.000012 32.003056
v -52.001007 0.000012 31.003057
v -52.001007 0.000012 32.003056
v -52.001007 0.000012 31.003057
v -61.001007 0.000012 32.003056
v -52.001007 0.000012 32.003056
v -61.001007 0.000012 31.003057
v -52.001007 0.000012 31.003057
v -55.001011 0.000013 41.003059
v -55.001011 0.000013 46.003052
v -56.001011 0.000013 41.003059
v -56.001011 0.000013 46.003052
v -55.001011 0.000013 41.003059
v -60.001007 0.000013 41.003059
v -55.001011 0.000013 40.003059
v -60.001007 0.000013 40.003059
v -60.001007 0.000013 41.003059
v -60.001007 0.000012 32.003056
v -61.001007 0.000013 41.003059
v -61.001007 0.000012 32.003056
v -11.000057 0.000012 31.000391
v -11.000057 0.000013 40.000404
v -12.000053 0.000012 31.000391
v -12.000053 0.000013 40.000404
v -12.000053 0.000012 31.000391
v -21.000057 0.000012 31.000389
v -12.000053 0.000012 32.000393
v -21.000057 0.000012 32.000393
v -20.000059 0.000012 32.000393
v -20.000059 0.000013 37.000401
v -21.000057 0.000012 32.000393
v -21.000059 0.000013 37.000401
v -21.000059 0.000013 36.000401
v -26.000057 0.000013 36.000401
v -21.000059 0.000013 37.000401
v -26.000057 0.000013 37.000401
v -25.000057 0.000013 37.000401
v -26.000057 0.000013 37.000401
v -25.000057 0.000013 37.000401
v -26.000057 0.000013 37.000401
v -25.000059 0.000013 46.000397
v -25.000057 0.000013 37.000401
v -26.000057 0.000013 46.000397
v -26.000057 0.000013 37.000401
v -16.000055 0.000013 40.000404
v -11.000057 0.000013 40.000404
v -16.000055 0.000013 41.000404
v -11.000057 0.000013 41.000404
v -16.000055 0.000013 40.000404
v -16.000055 0.000013 45.000397
v -17.000057 0.000013 40.000404
v -17.000057 0.000013 45.000397
v -16.000055 0.000013 45.000397
v -25.000059 0.000013 45.000397
v -16.000055 0.000013 46.000397
v -25.000059 0.000013 46.000397
v -46.000183 0.000011 11.001642
v -46.000183 0.000012 20.001654
v -47.000179 0.000011 11.001642
v -47.000179 0.000012 20.001654
v -47.000179 0.000011 11.001642
v -56.000183 0.000011 11.001642
v -47.000179 0.000011 12.001646
v -56.000183 0.000011 12.001646
v -55.000183 0.000011 12.001646
v -55.000183 0.000011 17.001652
v -56.000183 0.000011 12.001646
v -56.000183 0.000011 17.001652
v -56.000183 0.000011 16.001652
v -61.000179 0.000011 16.001652
v -56.000183 0.000011 17.001652
v -61.000179 0.000011 17.001652
v -60.000183 0.000011 17.001652
v -61.000179 0.000011 17.001652
v -60.000183 0.000011 17.001652
v -61.000179 0.000011 17.001652
v -60.000183 0.000012 26.001646
v -60.000183 0.000011 17.001652
v -61.000179 0.000012 26.001646
v -61.000179 0.000011 17.001652
v -51.000179 0.000012 20.001654
v -46.000183 0.000012 20.001654
v -51.000179 0.000012 21.001654
v -46.000183 0.000012 21.001654
v -51.000179 0.000012 20.001654
v -51.000179 0.000012 25.001646
v -52.000179 0.000012 20.001654
v -52.000179 0.000012 25.001646
v -51.000179 0.000012 25.001646
v -60.000183 0.000012 25.001646
v -51.000179 0.000012 26.001646
v -60.000183 0.000012 26.001646
v -16.000090 0.000010 0.001208
v -16.000090 0.000010 1.001208
v -1.000089 0.000010 1.001208
v -1.000089 0.000010 0.001208
v -1.000089 0.000010 1.001208
v -1.000089 0.000010 0.001208
v -1.000089 0.000011 16.001209
v -1.000089 0.000010 0.001208
v -0.000089 0.000011 16.001209
v -0.000089 0.000010 0.001208
v -5.000088 0.000011 16.001209
v -0.000089 0.000011 16.001209
v -5.000088 0.000011 17.001207
v -0.000089 0.000011 17.001207
v -5.000088 0.000011 16.001209
v -5.000088 0.000013 40.001205
v -6.000088 0.000011 16.001209
v -6.000088 0.000013 40.001205
v -16.000090 0.000010 0.001208
v -16.000090 0.000010 5.001210
v -17.000090 0.000010 0.001208
v -17.000090 0.000010 5.001210
v -55.000088 0.000010 5.001210
v -16.000090 0.000010 5.001210
v -55.000088 0.000010 6.001210
v -16.000090 0.000010 6.001210
v -55.000088 0.000010 1.001208
v -55.000088 0.000010 6.001210
v -56.000092 0.000010 6.001210
v -55.020088 0.000010 0.001208
v -71.000092 0.000010 0.001208
v -71.000092 0.000010 1.001208
v -56.000088 0.000010 1.001208
v -55.020088 0.000010 1.001208
v -71.000107 0.000010 0.001208
v -71.000107 0.000011 16.001209
v -72.000092 0.000010 0.001208
v -72.000092 0.000011 16.001209
v -72.000153 0.000011 16.001209
v -71.000168 0.000011 16.001209
v -72.000153 0.000011 17.001207
v -71.000168 0.000011 17.001207
v -6.000088 0.000013 40.001205
v -1.000089 0.000013 40.001205
v -6.000088 -0.000085 41.001205
v -1.000089 0.000013 41.001205
v -1.000089 -0.000084 56.001209
v -1.000089 0.000013 40.001205
v -0.000087 0.000013 40.001205
v -0.000089 0.000014 56.001209
v -1.000089 0.000013 41.001205
v -0.000089 0.000210 41.001205
v -0.000089 0.000014 57.001202
v -0.000089 0.000014 56.001202
v -16.000090 0.000014 57.001202
v -16.000090 0.000014 56.001209
v -16.000168 0.000014 56.001202
v -16.000168 0.000014 57.001202
v -17.000090 0.000014 56.001202
v -17.000090 0.000014 57.001202
v -16.000656 0.000014 56.001209
v -17.000578 0.000014 56.001209
v -16.000656 0.000014 52.001205
v -17.000578 0.000014 52.001205
v -16.000656 0.000014 52.001205
v -55.000092 0.000014 52.001205
v -16.000656 0.000014 51.001205
v -55.000092 0.000014 51.001205
v -55.000092 0.000014 51.001205
v -55.000092 0.000014 52.001205
v -56.000088 0.000014 51.001205
v -56.000088 0.000014 52.001205
v -56.000088 0.000014 52.001205
v -55.000092 0.000014 52.001205
v -56.000088 0.000014 56.001209
v -55.000092 0.000014 56.001209
v -71.000092 0.000014 56.001209
v -55.000092 0.000014 55.993706
v -71.000092 0.000014 57.001209
v -55.000092 0.000014 57.001209
v -71.000092 0.000013 41.001213
v -71.000092 0.000014 57.032688
v -72.000092 0.000013 41.001213
v -72.000092 0.000014 57.032688
v -67.000092 0.000013 41.001190
v -72.000092 0.000013 41.001190
v -67.000092 0.000013 40.001205
v -72.000092 0.000013 40.001205
v -67.000092 0.000013 41.001076
v -67.000092 0.000013 40.001091
v -66.000092 0.000013 41.001076
v -66.000092 0.000013 40.001091
v -66.000092 0.000013 40.001091
v -67.000092 0.000013 40.001091
v -66.000092 0.000011 17.001207
v -67.000092 0.000011 17.001207
v -66.000092 0.000011 17.001207
v -71.000092 0.000011 17.001207
v -66.000092 0.000011 16.001207
v -71.000092 0.000011 16.001207
v -26.000090 0.000011 11.001209
v -17.000090 0.000011 11.001209
v -17.000090 0.000011 12.001209
v -26.000090 0.000011 12.001209
v -17.000090 0.000011 11.001209
v -17.000090 0.000011 12.001209
v -17.000090 0.000011 11.001209
v -17.000090 0.000011 12.001209
v -17.000090 0.000011 11.001209
v -17.000090 0.000011 16.001209
v -16.000090 0.000011 11.001209
v -16.000090 0.000011 16.001209
v -17.000090 0.000011 16.001209
v -12.000088 0.000011 16.001209
v -17.000090 0.000011 17.001207
v -12.000088 0.000011 17.001207
v -12.000088 0.000012 25.001207
v -12.000088 0.000011 16.001209
v -11.000088 0.000012 25.001207
v -11.000088 0.000011 16.001209
v -20.000092 0.000012 25.001207
v -11.000088 0.000012 25.001207
v -20.000092 0.000012 26.001205
v -11.000088 0.000012 26.001205
v -20.000092 0.000012 21.001207
v -20.000092 0.000012 26.001205
v -21.000092 0.000012 21.001207
v -21.000092 0.000012 26.001205
v -20.000092 0.000012 21.001207
v -25.000092 0.000012 21.001207
v -20.000092 0.000012 20.001209
v -25.000092 0.000012 20.001209
v -25.000092 0.000011 12.001209
v -25.000092 0.000012 21.001207
v -26.000092 0.000011 12.001209
v -26.000092 0.000012 21.001207
v -47.001007 0.000013 37.003056
v -52.001007 0.000013 37.003056
v -52.001007 0.000013 36.003056
v -52.001007 0.000013 36.003056
v -51.001007 0.000013 36.003056
v -47.001007 0.000013 36.003056
v -52.001007 0.000012 31.003057
v -51.001007 0.000012 31.003057
v -52.001007 0.000012 31.003057
v -52.001007 0.000012 32.003056
v -52.001007 0.000012 31.003057
v -52.001007 0.000012 32.003056
v -52.001007 0.000012 31.003057
v -52.001007 0.000012 32.003056
v -61.001007 0.000012 31.003057
v -61.001007 0.000012 32.003056
v -47.001007 0.000013 45.003059
v -47.001007 0.000013 36.003056
v -46.001007 0.000013 36.003056
v -46.001007 0.000013 45.003059
v -55.001011 0.000013 45.003059
v -46.001007 0.000013 45.003059
v -46.001007 0.000013 46.003052
v -55.001011 0.000013 46.003052
v -55.001011 0.000013 41.003059
v -55.001011 0.000013 46.003052
v -56.001011 0.000013 46.003052
v -56.001011 0.000013 41.003059
v -55.001011 0.000013 41.003059
v -60.001007 0.000013 41.003059
v -60.001007 0.000013 40.003059
v -55.001011 0.000013 40.003059
v -60.001007 0.000012 32.003056
v -60.001007 0.000013 41.003059
v -61.001007 0.000013 41.003059
v -61.001007 0.000012 32.003056
v -20.000059 0.000012 32.000393
v -20.000059 0.000013 37.000401
v -21.000059 0.000013 37.000401
v -21.000059 0.000013 37.000401
v -21.000059 0.000013 36.000401
v -21.000057 0.000012 32.000393
v -26.000057 0.000013 37.000401
v -26.000057 0.000013 36.000401
v -26.000057 0.000013 37.000401
v -25.000057 0.000013 37.000401
v -26.000057 0.000013 37.000401
v -25.000057 0.000013 37.000401
v -26.000057 0.000013 37.000401
v -25.000057 0.000013 37.000401
v -26.000057 0.000013 46.000397
v -25.000059 0.000013 46.000397
v -12.000053 0.000012 32.000393
v -21.000057 0.000012 32.000393
v -21.000057 0.000012 31.000389
v -12.000053 0.000012 31.000391
v -12.000053 0.000013 40.000404
v -12.000053 0.000012 31.000391
v -11.000057 0.000012 31.000391
v -11.000057 0.000013 40.000404
v -16.000055 0.000013 40.000404
v -11.000057 0.000013 40.000404
v -11.000057 0.000013 41.000404
v -16.000055 0.000013 41.000404
v -16.000055 0.000013 40.000404
v -16.000055 0.000013 45.000397
v -17.000057 0.000013 45.000397
v -17.000057 0.000013 40.000404
v -25.000059 0.000013 45.000397
v -16.000055 0.000013 45.000397
v -16.000055 0.000013 46.000397
v -25.000059 0.000013 46.000397
v -55.000183 0.000011 12.001646
v -55.000183 0.000011 17.001652
v -56.000183 0.000011 17.001652
v -56.000183 0.000011 17.001652
v -56.000183 0.000011 16.001652
v -56.000183 0.000011 12.001646
v -61.000179 0.000011 17.001652
v -61.000179 0.000011 16.001652
v -61.000179 0.000011 17.001652
v -60.000183 0.000011 17.001652
v -61.000179 0.000011 17.001652
v -60.000183 0.000011 17.001652
v -61.000179 0.000011 17.001652
v -60.000183 0.000011 17.001652
v -61.000179 0.000012 26.001646
v -60.000183 0.000012 26.001646
v -47.000179 0.000011 12.001646
v -56.000183 0.000011 12.001646
v -56.000183 0.000011 11.001642
v -47.000179 0.000011 11.001642
v -47.000179 0.000012 20.001654
v -47.000179 0.000011 11.001642
v -46.000183 0.000011 11.001642
v -46.000183 0.000012 20.001654
v -51.000179 0.000012 20.001654
v -46.000183 0.000012 20.001654
v -46.000183 0.000012 21.001654
v -51.000179 0.000012 21.001654
v -51.000179 0.000012 20.001654
v -51.000179 0.000012 25.001646
v -52.000179 0.000012 25.001646
v -52.000179 0.000012 20.001654
v -60.000183 0.000012 25.001646
v -51.000179 0.000012 25.001646
v -51.000179 0.000012 26.001646
v -60.000183 0.000012 26.001646
v -16.000193 1.000010 0.001300
v -16.000193 1.000010 1.001300
v -1.000192 1.000010 1.001300
v -1.000192 1.000010 0.001300
v -1.000192 1.000010 1.001300
v -1.000192 1.000010 0.001300
v -1.000192 1.000011 16.001301
v -1.000192 1.000010 0.001300
v -0.000192 1.000011 16.001301
v -0.000192 1.000010 0.001300
v -5.000193 1.000011 16.001301
v -0.000192 1.000011 16.001301
v -5.000193 1.000011 17.001299
v -0.000192 1.000011 17.001299
v -5.000193 1.000011 16.001301
v -5.000193 1.000013 40.001297
v -6.000193 1.000011 16.001301
v -6.000193 1.000013 40.001297
v -16.000193 1.000010 0.001300
v -16.000193 1.000010 5.001301
v -17.000193 1.000010 0.001300
v -17.000193 1.000010 5.001301
v -55.000195 1.000010 5.001301
v -16.000193 1.000010 5.001301
v -55.000195 1.000010 6.001301
v -16.000193 1.000010 6.001301
v -55.000195 1.000010 1.001300
v -55.000195 1.000010 6.001301
v -56.000195 1.000010 6.001301
v -55.020195 1.000010 0.001300
v -71.000198 1.000010 0.001300
v -71.000198 1.000010 1.001300
v -56.000195 1.000010 1.001300
v -55.020195 1.000010 1.001300
v -71.000206 1.000010 0.001300
v -71.000206 1.000011 16.001301
v -72.000191 1.000010 0.001300
v -72.000191 1.000011 16.001301
v -72.000259 1.000011 16.001301
v -71.000275 1.000011 16.001301
v -72.000259 1.000011 17.001299
v -71.000275 1.000011 17.001299
v -6.000193 1.000013 40.001297
v -1.000192 1.000013 40.001297
v -6.000193 0.999915 41.001297
v -1.000192 1.000013 41.001297
v -1.000192 0.999916 56.001301
v -1.000192 1.000013 40.001297
v -0.000192 1.000013 40.001297
v -0.000192 1.000014 56.001301
v -1.000192 1.000013 41.001297
v -0.000192 1.000210 41.001297
v -0.000192 1.000014 57.001293
v -0.000192 1.000014 56.001293
v -16.000193 1.000014 57.001293
v -16.000193 1.000014 56.001301
v -16.000271 1.000014 56.001293
v -16.000271 1.000014 57.001293
v -17.000193 1.000014 56.001293
v -17.000193 1.000014 57.001293
v -16.000759 1.000014 56.001301
v -17.000681 1.000014 56.001301
v -16.000759 1.000014 52.001297
v -17.000681 1.000014 52.001297
v -16.000759 1.000014 52.001297
v -55.000198 1.000014 52.001297
v -16.000759 1.000014 51.001297
v -55.000198 1.000014 51.001297
v -55.000198 1.000014 51.001297
v -55.000195 1.000014 52.001297
v -56.000195 1.000014 51.001297
v -56.000195 1.000014 52.001297
v -56.000195 1.000014 52.001297
v -55.000198 1.000014 52.001297
v -56.000195 1.000014 56.001301
v -55.000198 1.000014 56.001301
v -71.000191 1.000014 56.001301
v -55.000198 1.000014 55.993797
v -71.000191 1.000014 57.001301
v -55.000198 1.000014 57.001301
v -71.000191 1.000013 41.001305
v -71.000191 1.000014 57.032780
v -72.000191 1.000013 41.001305
v -72.000191 1.000014 57.032780
v -67.000191 1.000013 41.001282
v -72.000191 1.000013 41.001282
v -67.000191 1.000013 40.001297
v -72.000191 1.000013 40.001297
v -67.000191 1.000013 41.001167
v -67.000191 1.000013 40.001183
v -66.000191 1.000013 41.001167
v -66.000191 1.000013 40.001183
v -66.000191 1.000013 40.001183
v -67.000191 1.000013 40.001183
v -66.000191 1.000011 17.001299
v -67.000191 1.000011 17.001299
v -66.000191 1.000011 17.001299
v -71.000191 1.000011 17.001299
v -66.000191 1.000011 16.001299
v -71.000191 1.000011 16.001299
v -26.000195 1.000011 11.001303
v -17.000195 1.000011 11.001303
v -17.000195 1.000011 12.001303
v -26.000195 1.000011 12.001303
v -17.000195 1.000011 11.001303
v -17.000195 1.000011 12.001303
v -17.000195 1.000011 11.001303
v -17.000195 1.000011 12.001303
v -17.000195 1.000011 11.001303
v -17.000195 1.000011 16.001301
v -16.000193 1.000011 11.001303
v -16.000193 1.000011 16.001301
v -17.000195 1.000011 16.001301
v -12.000193 1.000011 16.001301
v -17.000195 1.000011 17.001299
v -12.000193 1.000011 17.001299
v -12.000193 1.000012 25.001299
v -12.000193 1.000011 16.001301
v -11.000193 1.000012 25.001299
v -11.000193 1.000011 16.001301
v -20.000195 1.000012 25.001299
v -11.000193 1.000012 25.001299
v -20.000195 1.000012 26.001297
v -11.000193 1.000012 26.001297
v -20.000195 1.000012 21.001299
v -20.000195 1.000012 26.001297
v -21.000195 1.000012 21.001299
v -21.000195 1.000012 26.001297
v -20.000195 1.000012 21.001299
v -25.000195 1.000012 21.001299
v -20.000195 1.000012 20.001301
v -25.000195 1.000012 20.001301
v -25.000195 1.000011 12.001303
v -25.000195 1.000012 21.001299
v -26.000195 1.000011 12.001303
v -26.000195 1.000012 21.001299
v -47.001110 1.000013 37.003147
v -52.001110 1.000013 37.003147
v -52.001110 1.000013 36.003147
v -52.001110 1.000013 36.003147
v -51.001110 1.000013 36.003147
v -47.001110 1.000013 36.003147
v -52.001110 1.000012 31.003149
v -51.001110 1.000012 31.003149
v -52.001110 1.000012 31.003149
v -52.001110 1.000012 32.003147
v -52.001110 1.000012 31.003149
v -52.001110 1.000012 32.003147
v -52.001110 1.000012 31.003149
v -52.001110 1.000012 32.003147
v -61.001110 1.000012 31.003149
v -61.001110 1.000012 32.003147
v -47.001110 1.000013 45.003151
v -47.001110 1.000013 36.003147
v -46.001110 1.000013 36.003147
v -46.001110 1.000013 45.003151
v -55.001114 1.000013 45.003151
v -46.001110 1.000013 45.003151
v -46.001110 1.000013 46.003143
v -55.001114 1.000013 46.003143
v -55.001114 1.000013 41.003151
v -55.001114 1.000013 46.003143
v -56.001114 1.000013 46.003143
v -56.001114 1.000013 41.003151
v -55.001114 1.000013 41.003151
v -60.001114 1.000013 41.003151
v -60.001114 1.000013 40.003151
v -55.001114 1.000013 40.003151
v -60.001114 1.000012 32.003147
v -60.001114 1.000013 41.003151
v -61.001114 1.000013 41.003151
v -61.001114 1.000012 32.003147
v -20.000164 1.000012 32.000484
v -20.000164 1.000013 37.000492
v -21.000164 1.000013 37.000492
v -21.000164 1.000013 37.000492
v -21.000164 1.000013 36.000492
v -21.000162 1.000012 32.000484
v -26.000160 1.000013 37.000492
v -26.000160 1.000013 36.000492
v -26.000160 1.000013 37.000492
v -25.000162 1.000013 37.000492
v -26.000160 1.000013 37.000492
v -25.000162 1.000013 37.000492
v -26.000160 1.000013 37.000492
v -25.000162 1.000013 37.000492
v -26.000160 1.000013 46.000488
v -25.000164 1.000013 46.000488
v -12.000158 1.000012 32.000484
v -21.000162 1.000012 32.000484
v -21.000162 1.000012 31.000481
v -12.000158 1.000012 31.000483
v -12.000158 1.000013 40.000496
v -12.000158 1.000012 31.000483
v -11.000160 1.000012 31.000483
v -11.000162 1.000013 40.000496
v -16.000160 1.000013 40.000496
v -11.000162 1.000013 40.000496
v -11.000162 1.000013 41.000496
v -16.000160 1.000013 41.000496
v -16.000160 1.000013 40.000496
v -16.000160 1.000013 45.000488
v -17.000162 1.000013 45.000488
v -17.000162 1.000013 40.000496
v -25.000164 1.000013 45.000488
v -16.000160 1.000013 45.000488
v -16.000160 1.000013 46.000488
v -25.000164 1.000013 46.000488
v -55.000286 1.000011 12.001738
v -55.000286 1.000011 17.001743
v -56.000286 1.000011 17.001743
v -56.000286 1.000011 17.001743
v -56.000286 1.000011 16.001743
v -56.000286 1.000011 12.001738
v -61.000282 1.000011 17.001743
v -61.000282 1.000011 16.001743
v -61.000282 1.000011 17.001743
v -60.000286 1.000011 17.001743
v -61.000282 1.000011 17.001743
v -60.000286 1.000011 17.001743
v -61.000282 1.000011 17.001743
v -60.000286 1.000011 17.001743
v -61.000282 1.000012 26.001738
v -60.000286 1.000012 26.001738
v -47.000282 1.000011 12.001738
v -56.000286 1.000011 12.001738
v -56.000286 1.000011 11.001734
v -47.000282 1.000011 11.001736
v -47.000282 1.000012 20.001745
v -47.000282 1.000011 11.001736
v -46.000290 1.000011 11.001736
v -46.000290 1.000012 20.001745
v -51.000286 1.000012 20.001745
v -46.000290 1.000012 20.001745
v -46.000290 1.000012 21.001745
v -51.000286 1.000012 21.001745
v -51.000286 1.000012 20.001745
v -51.000286 1.000012 25.001738
v -52.000286 1.000012 25.001738
v -52.000286 1.000012 20.001745
v -60.000286 1.000012 25.001738
v -51.000286 1.000012 25.001738
v -51.000286 1.000012 26.001738
v -60.000286 1.000012 26.001738
v -46.001007 0.000013 46.003052
v -55.001011 0.000013 46.003052
v -46.001007 0.000013 45.003059
v -55.001011 0.000013 45.003059
v -46.001007 0.000013 45.003059
v -46.001007 0.000013 36.003056
v -47.001007 0.000013 45.003059
v -47.001007 0.000013 36.003056
v -47.001007 0.000013 37.003056
v -52.001007 0.000013 37.003056
v -47.001007 0.000013 36.003056
v -52.001007 0.000013 36.003056
v -51.001007 0.000013 36.003056
v -51.001007 0.000012 31.003057
v -52.001007 0.000013 36.003056
v -52.001007 0.000012 31.003057
v -52.001007 0.000012 32.003056
v -52.001007 0.000012 31.003057
v -52.001007 0.000012 32.003056
v -52.001007 0.000012 31.003057
v -61.001007 0.000012 32.003056
v -52.001007 0.000012 32.003056
v -61.001007 0.000012 31.003057
v -52.001007 0.000012 31.003057
v -55.001011 0.000013 41.003059
v -55.001011 0.000013 46.003052
v -56.001011 0.000013 41.003059
v -56.001011 0.000013 46.003052
v -55.001011 0.000013 41.003059
v -60.001007 0.000013 41.003059
v -55.001011 0.000013 40.003059
v -60.001007 0.000013 40.003059
v -60.001007 0.000013 41.003059
v -60.001007 0.000012 32.003056
v -61.001007 0.000013 41.003059
v -61.001007 0.000012 32.003056
v -46.000183 0.000011 11.001642
v -46.000183 0.000012 20.001654
v -47.000179 0.000011 11.001642
v -47.000179 0.000012 20.001654
v -47.000179 0.000011 11.001642
v -56.000183 0.000011 11.001642
v -47.000179 0.000011 12.001646
v -56.000183 0.000011 12.001646
v -55.000183 0.000011 12.001646
v -55.000183 0.000011 17.001652
v -56.000183 0.000011 12.001646
v -56.000183 0.000011 17.001652
v -56.000183 0.000011 16.001652
v -61.000179 0.000011 16.001652
v -56.000183 0.000011 17.001652
v -61.000179 0.000011 17.001652
v -60.000183 0.000011 17.001652
v -61.000179 0.000011 17.001652
v -60.000183 0.000011 17.001652
v -61.000179 0.000011 17.001652
v -60.000183 0.000012 26.001646
v -60.000183 0.000011 17.001652
v -61.000179 0.000012 26.001646
v -61.000179 0.000011 17.001652
v -51.000179 0.000012 20.001654
v -46.000183 0.000012 20.001654
v -51.000179 0.000012 21.001654
v -46.000183 0.000012 21.001654
v -51.000179 0.000012 20.001654
v -51.000179 0.000012 25.001646
v -52.000179 0.000012 20.001654
v -52.000179 0.000012 25.001646
v -51.000179 0.000012 25.001646
v -60.000183 0.000012 25.001646
v -51.000179 0.000012 26.001646
v -60.000183 0.000012 26.001646
v -47.001007 0.000013 37.003056
v -52.001007 0.000013 37.003056
v -52.001007 0.000013 36.003056
v -52.001007 0.000013 36.003056
v -51.001007 0.000013 36.003056
v -47.001007 0.000013 36.003056
v -52.001007 0.000012 31.003057
v -51.001007 0.000012 31.003057
v -52.001007 0.000012 31.003057
v -52.001007 0.000012 32.003056
v -52.001007 0.000012 31.003057
v -52.001007 0.000012 32.003056
v -52.001007 0.000012 31.003057
v -52.001007 0.000012 32.003056
v -61.001007 0.000012 31.003057
v -61.001007 0.000012 32.003056
v -47.001007 0.000013 45.003059
v -47.001007 0.000013 36.003056
v -46.001007 0.000013 36.003056
v -46.001007 0.000013 45.003059
v -55.001011 0.000013 45.003059
v -46.001007 0.000013 45.003059
v -46.001007 0.000013 46.003052
v -55.001011 0.000013 46.003052
v -55.001011 0.000013 41.003059
v -55.001011 0.000013 46.003052
v -56.001011 0.000013 46.003052
v -56.001011 0.000013 41.003059
v -55.001011 0.000013 41.003059
v -60.001007 0.000013 41.003059
v -60.001007 0.000013 40.003059
v -55.001011 0.000013 40.003059
v -60.001007 0.000012 32.003056
v -60.001007 0.000013 41.003059
v -61.001007 0.000013 41.003059
v -61.001007 0.000012 32.003056
v -55.000183 0.000011 12.001646
v -55.000183 0.000011 17.001652
v -56.000183 0.000011 17.001652
v -56.000183 0.000011 17.001652
v -56.000183 0.000011 16.001652
v -56.000183 0.000011 12.001646
v -61.000179 0.000011 17.001652
v -61.000179 0.000011 16.001652
v -61.000179 0.000011 17.001652
v -60.000183 0.000011 17.001652
v -61.000179 0.000011 17.001652
v -60.000183 0.000011 17.001652
v -61.000179 0.000011 17.001652
v -60.000183 0.000011 17.001652
v -61.000179 0.000012 26.001646
v -60.000183 0.000012 26.001646
v -47.000179 0.000011 12.001646
v -56.000183 0.000011 12.001646
v -56.000183 0.000011 11.001642
v -47.000179 0.000011 11.001642
v -47.000179 0.000012 20.001654
v -47.000179 0.000011 11.001642
v -46.000183 0.000011 11.001642
v -46.000183 0.000012 20.001654
v -51.000179 0.000012 20.001654
v -46.000183 0.000012 20.001654
v -46.000183 0.000012 21.001654
v -51.000179 0.000012 21.001654
v -51.000179 0.000012 20.001654
v -51.000179 0.000012 25.001646
v -52.000179 0.000012 25.001646
v -52.000179 0.000012 20.001654
v -60.000183 0.000012 25.001646
v -51.000179 0.000012 25.001646
v -51.000179 0.000012 26.001646
v -60.000183 0.000012 26.001646
v -47.001110 1.000013 37.003147
v -52.001110 1.000013 37.003147
v -52.001110 1.000013 36.003147
v -52.001110 1.000013 36.003147
v -51.001110 1.000013 36.003147
v -47.001110 1.000013 36.003147
v -52.001110 1.000012 31.003149
v -51.001110 1.000012 31.003149
v -52.001110 1.000012 31.003149
v -52.001110 1.000012 32.003147
v -52.001110 1.000012 31.003149
v -52.001110 1.000012 32.003147
v -52.001110 1.000012 31.003149
v -52.001110 1.000012 32.003147
v -61.001110 1.000012 31.003149
v -61.001110 1.000012 32.003147
v -47.001110 1.000013 45.003151
v -47.001110 1.000013 36.003147
v -46.001110 1.000013 36.003147
v -46.001110 1.000013 45.003151
v -55.001114 1.000013 45.003151
v -46.001110 1.000013 45.003151
v -46.001110 1.000013 46.003143
v -55.001114 1.000013 46.003143
v -55.001114 1.000013 41.003151
v -55.001114 1.000013 46.003143
v -56.001114 1.000013 46.003143
v -56.001114 1.000013 41.003151
v -55.001114 1.000013 41.003151
v -60.001114 1.000013 41.003151
v -60.001114 1.000013 40.003151
v -55.001114 1.000013 40.003151
v -60.001114 1.000012 32.003147
v -60.001114 1.000013 41.003151
v -61.001114 1.000013 41.003151
v -61.001114 1.000012 32.003147
v -55.000286 1.000011 12.001738
v -55.000286 1.000011 17.001743
v -56.000286 1.000011 17.001743
v -56.000286 1.000011 17.001743
v -56.000286 1.000011 16.001743
v -56.000286 1.000011 12.001738
v -61.000282 1.000011 17.001743
v -61.000282 1.000011 16.001743
v -61.000282 1.000011 17.001743
v -60.000286 1.000011 17.001743
v -61.000282 1.000011 17.001743
v -60.000286 1.000011 17.001743
v -61.000282 1.000011 17.001743
v -60.000286 1.000011 17.001743
v -61.000282 1.000012 26.001738
v -60.000286 1.000012 26.001738
v -47.000282 1.000011 12.001738
v -56.000286 1.000011 12.001738
v -56.000286 1.000011 11.001734
v -47.000282 1.000011 11.001736
v -47.000282 1.000012 20.001745
v -47.000282 1.000011 11.001736
v -46.000290 1.000011 11.001736
v -46.000290 1.000012 20.001745
v -51.000286 1.000012 20.001745
v -46.000290 1.000012 20.001745
v -46.000290 1.000012 21.001745
v -51.000286 1.000012 21.001745
v -51.000286 1.000012 20.001745
v -51.000286 1.000012 25.001738
v -52.000286 1.000012 25.001738
v -52.000286 1.000012 20.001745
v -60.000286 1.000012 25.001738
v -51.000286 1.000012 25.001738
v -51.000286 1.000012 26.001738
v -60.000286 1.000012 26.001738
v -32.000092 0.000011 11.001209
v -41.000092 0.000011 11.001209
v -32.000092 0.000011 12.001209
v -41.000092 0.000011 12.001209
v -32.000092 0.000011 11.001209
v -32.000092 0.000011 12.001209
v -32.000092 0.000011 11.001209
v -32.000092 0.000011 12.001209
v -32.000092 0.000011 11.001209
v -32.000088 0.000011 11.001209
v -32.000088 0.000011 12.001207
v -32.000088 0.000011 11.001209
v -32.000088 0.000012 20.001207
v -31.000088 0.000011 11.001209
v -31.000088 0.000012 20.001207
v -40.000092 0.000012 20.001207
v -31.000088 0.000012 20.001207
v -40.000092 0.000012 21.001205
v -31.000088 0.000012 21.001205
v -40.000092 0.000012 21.001205
v -40.000092 0.000012 21.001207
v -40.000092 0.000012 20.001209
v -40.000092 0.000012 21.001207
v -40.000092 0.000011 12.001209
v -41.000092 0.000012 21.001207
v -41.000092 0.000011 12.001209
v -41.000092 0.000011 11.001209
v -32.000092 0.000011 11.001209
v -32.000092 0.000011 12.001209
v -41.000092 0.000011 12.001209
v -32.000092 0.000011 11.001209
v -32.000092 0.000011 12.001209
v -32.000092 0.000011 11.001209
v -32.000092 0.000011 12.001209
v -32.000092 0.000011 11.001209
v -32.000088 0.000011 11.001209
v -32.000088 0.000011 12.001207
v -32.000088 0.000012 20.001207
v -32.000088 0.000011 11.001209
v -31.000088 0.000012 20.001207
v -31.000088 0.000011 11.001209
v -40.000092 0.000012 20.001207
v -31.000088 0.000012 20.001207
v -40.000092 0.000012 21.001205
v -31.000088 0.000012 21.001205
v -40.000092 0.000012 21.001205
v -40.000092 0.000012 21.001207
v -40.000092 0.000012 20.001209
v -40.000092 0.000011 12.001209
v -40.000092 0.000012 21.001207
v -41.000092 0.000011 12.001209
v -41.000092 0.000012 21.001207
v -41.000195 1.000011 11.001303
v -32.000195 1.000011 11.001303
v -32.000195 1.000011 12.001303
v -41.000195 1.000011 12.001303
v -32.000195 1.000011 11.001303
v -32.000195 1.000011 12.001303
v -32.000195 1.000011 11.001303
v -32.000195 1.000011 12.001303
v -32.000195 1.000011 11.001303
v -32.000191 1.000011 11.001301
v -32.000191 1.000011 12.001299
v -32.000191 1.000012 20.001299
v -32.000191 1.000011 11.001301
v -31.000191 1.000012 20.001299
v -31.000191 1.000011 11.001301
v -40.000195 1.000012 20.001299
v -31.000191 1.000012 20.001299
v -40.000195 1.000012 21.001297
v -31.000191 1.000012 21.001297
v -40.000195 1.000012 21.001297
v -40.000195 1.000012 21.001299
v -40.000195 1.000012 20.001301
v -40.000195 1.000011 12.001303
v -40.000195 1.000012 21.001299
v -41.000195 1.000011 12.001303
v -41.000195 1.000012 21.001299
v -32.000092 0.000011 36.001209
v -41.000092 0.000011 36.001209
v -32.000092 0.000011 37.001209
v -41.000092 0.000011 37.001209
v -32.000092 0.000011 36.001209
v -32.000092 0.000011 37.001209
v -32.000092 0.000011 36.001209
v -32.000092 0.000011 37.001209
v -32.000092 0.000011 36.001209
v -32.000088 0.000011 36.001209
v -32.000088 0.000011 37.001205
v -32.000088 0.000011 36.001209
v -32.000088 0.000012 45.001205
v -31.000088 0.000011 36.001209
v -31.000088 0.000012 45.001205
v -40.000092 0.000012 45.001205
v -31.000088 0.000012 45.001205
v -40.000092 0.000012 46.001205
v -31.000088 0.000012 46.001205
v -40.000092 0.000012 46.001205
v -40.000092 0.000012 46.001205
v -40.000092 0.000012 45.001209
v -40.000092 0.000012 46.001205
v -40.000092 0.000011 37.001209
v -41.000092 0.000012 46.001205
v -41.000092 0.000011 37.001209
v -41.000092 0.000011 36.001209
v -32.000092 0.000011 36.001209
v -32.000092 0.000011 37.001209
v -41.000092 0.000011 37.001209
v -32.000092 0.000011 36.001209
v -32.000092 0.000011 37.001209
v -32.000092 0.000011 36.001209
v -32.000092 0.000011 37.001209
v -32.000092 0.000011 36.001209
v -32.000088 0.000011 36.001209
v -32.000088 0.000011 37.001205
v -32.000088 0.000012 45.001205
v -32.000088 0.000011 36.001209
v -31.000088 0.000012 45.001205
v -31.000088 0.000011 36.001209
v -40.000092 0.000012 45.001205
v -31.000088 0.000012 45.001205
v -40.000092 0.000012 46.001205
v -31.000088 0.000012 46.001205
v -40.000092 0.000012 46.001205
v -40.000092 0.000012 46.001205
v -40.000092 0.000012 45.001209
v -40.000092 0.000011 37.001209
v -40.000092 0.000012 46.001205
v -41.000092 0.000011 37.001209
v -41.000092 0.000012 46.001205
v -41.000195 1.000011 36.001305
v -32.000195 1.000011 36.001305
v -32.000195 1.000011 37.001305
v -41.000195 1.000011 37.001305
v -32.000195 1.000011 36.001305
v -32.000195 1.000011 37.001305
v -32.000195 1.000011 36.001305
v -32.000195 1.000011 37.001305
v -32.000195 1.000011 36.001305
v -32.000191 1.000011 36.001301
v -32.000191 1.000011 37.001297
v -32.000191 1.000012 45.001297
v -32.000191 1.000011 36.001301
v -31.000191 1.000012 45.001297
v -31.000191 1.000011 36.001301
v -40.000195 1.000012 45.001297
v -31.000191 1.000012 45.001297
v -40.000195 1.000012 46.001297
v -31.000191 1.000012 46.001297
v -40.000195 1.000012 46.001297
v -40.000195 1.000012 46.001297
v -40.000195 1.000012 45.001301
v -40.000195 1.000011 37.001305
v -40.000195 1.000012 46.001297
v -41.000195 1.000011 37.001305
v -41.000195 1.000012 46.001297
vn -0.0000 -1.0000 -0.0000
vn -0.0000 -0.0000 -0.0000
vn -0.0000 -0.0000 1.0000
vn 0.0001 -0.0000 1.0000
vn 1.0000 0.0001 -0.0000
vn -1.0000 -0.0001 -0.0000
vn -1.0000 -0.0000 -0.0000
vn -1.0000 0.0001 -0.0000
vn 1.0000 -0.0001 -0.0000
vn -0.0000 1.0000 -0.0000
vn -0.0000 -0.0000 -1.0000
vn 1.0000 -0.0000 -0.0000
vn -0.0000 0.0001 -1.0000
vn -0.0000 -0.0001 1.0000
vn 0.0156 -0.0001 0.9999
vn -0.0156 0.0001 -0.9999
vn -0.0000 -1.0000 0.0009
vn 0.0009 -1.0000 -0.0000
vn -0.0001 -0.0000 -1.0000
vn 0.0971 0.0001 -0.9953
vn -0.0000 -1.0000 -0.0001
vn 0.0001 -1.0000 -0.0000
vn -0.0000 1.0000 0.0001
vn -0.0001 1.0000 -0.0000
vn -0.0009 -1.0000 0.0013
vn -0.0000 -1.0000 0.0013
vn -0.0000 -1.0000 0.0004
vt 3.551171 7.208711
vt 7.039182 6.976177
vt 3.551171 6.976177
vt 7.039182 7.208711
vt 7.039182 3.488165
vt 7.271717 7.208711
vt 7.271717 3.488165
vt 6.109046 3.488165
vt 7.271717 3.255631
vt 6.109046 3.255631
vt 5.876512 -2.092652
vt 6.109046 -2.092652
vt 3.318637 6.046040
vt 3.551171 6.046040
vt -2.029646 6.046040
vt 3.551171 5.813506
vt -2.262181 5.813506
vt -2.029646 6.976177
vt -2.029646 5.813506
vt -2.262180 6.976177
vt -2.034297 6.976177
vt -5.750192 7.208711
vt -5.750192 6.976177
vt -5.750195 7.208711
vt -5.982726 3.488165
vt -5.750195 3.488165
vt -5.982741 3.488165
vt -5.750210 3.255631
vt -5.750210 3.488165
vt 7.039182 -2.325186
vt 7.039182 -2.092652
vt -2.092652 0.423526
vt -5.813198 0.423503
vt -2.325186 0.423526
vt 7.271717 -6.045731
vt 3.551171 -5.813198
vt 7.271717 -5.813196
vt 7.271717 -2.092652
vt 7.039182 -5.813198
vt 3.551153 -6.045731
vt 3.551171 -6.045731
vt 3.318637 -6.045731
vt 3.551153 -5.813196
vt 3.318637 -5.813196
vt 3.551039 -5.813198
vt 3.318523 -4.883061
vt 3.318523 -5.813198
vt 3.551039 -4.883061
vt -2.029647 -4.650527
vt -2.029647 -4.883061
vt -2.262180 -4.883061
vt -2.029647 -5.813198
vt -2.029647 -5.811454
vt -2.262180 -5.813198
vt -2.029647 -6.045732
vt -5.750192 -5.813198
vt -6.053052 0.423526
vt -5.813198 0.423526
vt -6.045732 0.423526
vt -5.982726 -6.053052
vt -5.750192 -2.325188
vt -5.750192 -6.053052
vt -5.982726 -2.325182
vt -5.982726 -2.325188
vt -5.982726 -2.092652
vt -4.820056 -2.325182
vt -4.820056 -2.092652
vt -4.820056 -2.325156
vt -4.587522 -2.092625
vt -4.820056 -2.092625
vt -4.820056 3.255631
vt -4.587522 3.255631
vt -5.750192 3.488165
vt -5.750192 3.255631
vt 3.318637 4.418301
vt 1.225830 4.650835
vt 3.318637 4.650835
vt 3.318637 3.488165
vt 3.551171 4.650835
vt 3.551171 3.488165
vt 4.481308 3.255631
vt 4.481308 3.488165
vt 4.481308 1.395359
vt 4.713842 3.488165
vt 4.713842 1.395359
vt 2.621034 1.395359
vt 4.713842 1.162825
vt 2.621034 1.162825
vt 2.621034 2.325495
vt 2.388500 1.162825
vt 2.388500 2.325495
vt 1.458364 2.558029
vt 1.458364 2.325495
vt 1.458364 4.418301
vt 1.225830 2.325495
vt -1.332258 -0.232810
vt -3.425065 -0.000276
vt -1.332258 -0.000276
vt -1.332258 -1.162946
vt -1.099724 -0.000276
vt -1.099724 -1.162946
vt -0.169588 -1.395481
vt -0.169588 -1.162946
vt -0.169588 -3.255754
vt 0.062947 -1.162946
vt 0.062947 -3.255754
vt -2.029861 -3.255754
vt 0.062947 -3.488286
vt -2.029861 -3.488286
vt -2.029861 -2.325617
vt -2.262395 -3.488286
vt -2.262395 -2.325617
vt -3.192531 -2.093083
vt -3.192531 -2.325617
vt -3.192531 -0.232810
vt -3.425065 -2.325617
vt 1.458372 -1.394863
vt 1.225838 -3.487669
vt 1.225838 -1.394863
vt 2.388508 -1.394863
vt 1.225838 -1.162329
vt 2.388508 -1.162329
vt 2.388508 -0.232191
vt 2.621042 -1.394863
vt 4.481316 -0.232191
vt 2.621042 -0.232191
vt 4.481316 0.000344
vt 4.481316 -2.092465
vt 4.713849 0.000344
vt 4.713849 -2.092465
vt 3.551179 -2.092465
vt 4.713849 -2.325000
vt 3.551179 -2.325000
vt 3.318644 -3.255134
vt 3.551179 -3.255134
vt 1.458371 -3.255134
vt 3.551179 -3.487669
vt -3.192339 3.255528
vt -3.424872 1.162722
vt -3.424872 3.255528
vt -2.262203 3.255528
vt -3.424872 3.488062
vt -2.262203 3.488062
vt -2.029668 4.418200
vt -2.262203 4.418200
vt -0.169395 4.418200
vt -2.262203 4.650735
vt -0.169395 4.650735
vt -0.169395 2.557925
vt 0.063138 4.650735
vt 0.063138 2.557925
vt -1.099532 2.557925
vt 0.063138 2.325391
vt -1.099532 2.325391
vt -1.332066 1.395257
vt -1.099532 1.395257
vt -3.192339 1.395257
vt -1.099532 1.162722
vt -1.099557 2.557904
vt 3.488144 0.656060
vt 3.488165 0.423526
vt -2.029885 -3.488307
vt 3.255610 0.656060
vt -2.092673 0.656060
vt -2.325182 0.423526
vt -3.255754 0.423526
vt -2.325638 0.656060
vt -3.255775 0.656060
vt 2.325391 0.423526
vt 2.557904 0.656060
vt 2.325370 0.656060
vt 6.109022 3.488144
vt -5.982726 0.423526
vt -4.820080 0.656060
vt -4.820056 0.423526
vt -3.488286 0.423526
vt -3.488307 0.656060
vt -1.099532 0.423526
vt 0.063114 0.656060
vt -1.099557 0.656060
vt 3.255631 0.423526
vt -2.325188 0.423526
vt -2.325204 0.656060
vt 0.063114 2.557904
vt -5.750192 0.423526
vt -5.750216 0.656060
vt -2.029861 0.423526
vt 0.062923 0.656060
vt -2.029885 0.656060
vt -0.169419 0.656060
vt -0.169395 0.423526
vt 6.109046 0.423526
vt 7.271692 0.656060
vt 6.109022 0.656060
vt 0.062923 -3.255775
vt 7.271692 3.488144
vt -5.982749 0.656060
vt -0.169612 0.656060
vt -0.169588 0.423526
vt 0.063138 0.423526
vt 7.039158 0.656060
vt 7.039182 0.423526
vt -2.325209 0.656060
vt 0.062947 0.423526
vt 2.557925 0.423526
vt 4.650713 0.656060
vt 7.271717 0.423526
vt -6.045753 0.656060
vt -6.053073 0.656060
vt -0.169419 4.650713
vt -5.813220 0.656060
vt -1.162968 0.656060
vt 4.418179 0.656060
vt 4.418200 0.423526
vt 7.208689 0.656060
vt -0.169612 -1.162968
vt 7.039158 7.208689
vt -5.811475 0.656060
vt -1.395502 0.656060
vt -1.395481 0.423526
vt 4.650735 0.423526
vt 6.976155 0.656060
vt 6.976177 0.423526
vt -2.029672 0.656060
vt -2.262203 0.423526
vt -5.811454 0.423526
vt -0.232810 0.423526
vt -0.000297 0.656060
vt -0.000276 0.423526
vt -2.262226 4.418179
vt 7.039158 6.976155
vt -2.262205 0.656060
vt -2.262180 0.423526
vt -3.425065 0.423526
vt -1.332282 0.656060
vt -3.425089 0.656060
vt -2.029668 0.423526
vt -2.029692 0.656060
vt -1.332258 0.423526
vt 3.551171 0.423526
vt -4.883083 0.656060
vt -4.883061 0.423526
vt -0.232831 0.656060
vt -3.424872 0.423526
vt -3.192363 0.656060
vt -3.424896 0.656060
vt 3.551147 0.656060
vt -1.332282 -0.232831
vt 1.162722 0.423526
vt 3.255507 0.656060
vt 1.162701 0.656060
vt -2.029647 0.423526
vt -2.029671 0.656060
vt 3.255528 0.423526
vt -2.262205 -4.883083
vt -1.332282 -0.000297
vt -3.192339 0.423526
vt -1.162946 0.423526
vt -3.192363 3.255507
vt -4.650548 0.656060
vt -4.650527 0.423526
vt -3.424896 3.255507
vt -2.029672 -4.650548
vt -2.262226 0.656060
vt -1.099748 0.656060
vt -1.099724 0.423526
vt -1.332282 -1.162968
vt 3.551015 0.656060
vt 3.551039 0.423526
vt 3.318499 0.656060
vt 3.488041 0.656060
vt 3.488062 0.423526
vt 3.551015 -4.883083
vt 1.225830 0.423526
vt 1.458340 0.656060
vt 1.225806 0.656060
vt 1.458364 0.423526
vt -2.262226 3.255507
vt 2.325495 0.423526
vt 4.418280 0.656060
vt 4.418301 0.423526
vt 1.458340 2.325474
vt 2.558029 0.423526
vt 2.558007 0.656060
vt -3.487669 0.423526
vt -3.255156 0.656060
vt -3.487690 0.656060
vt 3.318523 0.423526
vt 3.318613 0.656060
vt -3.255134 0.423526
vt 3.551129 0.656060
vt 3.551153 0.423526
vt 1.458371 0.423526
vt 3.551155 0.656060
vt 1.458347 0.656060
vt 2.325474 0.656060
vt 3.551155 -3.255156
vt 3.318637 0.423526
vt 2.621011 0.656060
vt 2.621034 0.423526
vt 3.318620 0.656060
vt 3.318644 0.423526
vt 2.388476 0.656060
vt -6.045731 0.423526
vt -5.813218 0.656060
vt -5.813196 0.423526
vt 2.621011 2.325474
vt -5.750192 -6.045732
vt 5.876512 3.488165
vt -1.332066 2.557925
vt -4.587522 -2.325156
vt 3.318637 7.208711
vt -2.029861 -2.093083
vt -3.192339 1.162722
vt -3.425065 -0.232810
vt -4.587522 3.488165
vt -2.034297 7.208711
vt 1.225830 4.418301
vt -5.982726 7.208711
vt 1.458371 -3.487669
vt -5.982741 3.255631
vt 3.318637 3.255631
vt 2.388508 0.000344
vt 5.876512 -2.325186
vt 7.271717 -5.813198
vt 7.271717 -2.325186
vt 3.318644 -2.092465
vt 2.621034 2.558029
vt -2.029668 3.255528
vt -1.332258 -1.395481
vt 3.551039 -4.650527
vt -2.262180 -4.650527
vt 3.551147 7.208689
vt 3.551147 6.976155
vt 7.039158 3.488144
vt 7.271692 7.208689
vt 7.271692 3.255610
vt 6.109022 3.255610
vt 6.109022 -2.092673
vt 5.876488 -2.092673
vt 3.551147 6.046019
vt 3.318613 6.046019
vt -2.029671 6.046019
vt 3.551147 5.813485
vt -2.029671 6.976155
vt -2.262205 5.813485
vt -2.029671 5.813485
vt -2.262205 6.976155
vt -2.034322 6.976155
vt -5.750216 6.976155
vt -5.750216 7.208689
vt -5.750219 7.208689
vt -5.750219 3.488144
vt -5.982749 3.488144
vt -5.982765 3.488144
vt -5.750234 3.488144
vt -5.750234 3.255610
vt 7.039158 -2.092673
vt 7.039158 -2.325207
vt -5.813220 0.656037
vt 3.551147 -5.813220
vt 7.271692 -6.045752
vt 7.271692 -5.813218
vt 7.039158 -5.813220
vt 7.271692 -2.092673
vt 3.551129 -6.045752
vt 3.551147 -6.045752
vt 3.551129 -5.813218
vt 3.318613 -6.045752
vt 3.318613 -5.813218
vt 3.551015 -5.813220
vt 3.318499 -5.813220
vt 3.318499 -4.883083
vt -2.029672 -4.883083
vt -2.029671 -4.883083
vt -2.029672 -5.813220
vt -2.262205 -5.813220
vt -2.029672 -5.811475
vt -5.750216 -5.813220
vt -2.029672 -6.045753
vt -5.750216 -2.325209
vt -5.982749 -6.053073
vt -5.750216 -6.053073
vt -5.982749 -2.325204
vt -5.982749 -2.325209
vt -4.820080 -2.325204
vt -5.982749 -2.092673
vt -4.820080 -2.092673
vt -4.820080 -2.325177
vt -4.820080 -2.092646
vt -4.587546 -2.092646
vt -4.820080 3.255610
vt -4.587546 3.255610
vt -5.750216 3.255610
vt -5.750216 3.488144
vt 1.225806 4.650814
vt 3.318613 4.418280
vt 3.318613 4.650814
vt 3.318613 3.488144
vt 3.551147 4.650814
vt 3.551147 3.488144
vt 4.481283 3.488144
vt 4.481283 3.255610
vt 4.481283 1.395337
vt 4.713817 3.488144
vt 4.713817 1.395337
vt 2.621011 1.395337
vt 4.713817 1.162804
vt 2.621011 1.162804
vt 2.388476 1.162804
vt 2.388476 2.325474
vt 1.458340 2.558007
vt 1.458340 4.418280
vt 1.225806 2.325474
vt -3.425089 -0.000297
vt -1.099748 -0.000297
vt -1.099748 -1.162968
vt -0.169612 -1.395502
vt -0.169612 -3.255775
vt 0.062923 -1.162968
vt -2.029885 -3.255775
vt 0.062923 -3.488307
vt -2.029885 -2.325638
vt -2.262419 -3.488307
vt -2.262419 -2.325638
vt -3.192555 -2.325638
vt -3.192555 -2.093104
vt -3.192555 -0.232831
vt -3.425090 -2.325638
vt 1.225814 -3.487690
vt 1.458347 -1.394884
vt 1.225814 -1.394884
vt 2.388484 -1.394884
vt 1.225814 -1.162350
vt 2.388484 -1.162350
vt 2.388484 -0.232212
vt 2.621018 -1.394884
vt 2.621018 -0.232212
vt 4.481291 -0.232212
vt 4.481291 0.000323
vt 2.388484 0.000323
vt 4.481291 -2.092487
vt 4.713825 0.000323
vt 4.713824 -2.092487
vt 3.551155 -2.092487
vt 4.713824 -2.325021
vt 3.551155 -2.325021
vt 3.318620 -3.255156
vt 1.458347 -3.255156
vt 3.551155 -3.487690
vt -3.424896 1.162701
vt -3.424896 3.488041
vt -2.262226 3.488041
vt -2.029692 4.418179
vt -0.169419 4.418179
vt -2.262226 4.650713
vt -0.169419 2.557904
vt 0.063114 4.650713
vt 0.063114 2.325370
vt -1.099557 2.325370
vt -1.099557 1.395235
vt -1.332091 1.395235
vt -3.192363 1.395235
vt -1.099557 1.162701
vt -2.325617 0.423526
vt -2.325156 0.423526
vt 5.876512 0.423526
vt 1.395257 0.423526
vt 1.395235 0.656060
vt -2.092646 0.656060
vt -2.092625 0.423526
vt -2.262395 0.423526
vt -2.262419 0.656060
vt -2.325177 0.656060
vt -1.332066 0.423526
vt -4.587546 0.656060
vt 6.046040 0.423526
vt 6.046019 0.656060
vt -3.192531 0.423526
vt -3.192555 0.656060
vt 7.208711 0.423526
vt -1.332091 0.656060
vt -2.093104 0.656060
vt -2.029646 0.423526
vt -2.093083 0.423526
vt 5.813506 0.423526
vt 5.813485 0.656060
vt -3.425090 0.656060
vt -4.587522 0.423526
vt -1.394863 0.423526
vt -0.232212 0.656060
vt -1.394884 0.656060
vt -2.262181 0.423526
vt 2.388508 0.423526
vt 2.621018 0.656060
vt 2.388484 0.656060
vt -2.034322 0.656060
vt -2.034297 0.423526
vt -1.162329 0.423526
vt -0.232191 0.423526
vt -1.162350 0.656060
vt 4.650814 0.656060
vt 4.650835 0.423526
vt 1.225838 0.423526
vt 1.458372 0.423526
vt -5.750195 0.423526
vt 1.225814 0.656060
vt -5.750219 0.656060
vt -5.982741 0.423526
vt -5.750234 0.656060
vt -5.750210 0.423526
vt 4.481283 0.656060
vt 4.481308 0.423526
vt -5.982765 0.656060
vt 2.621042 0.423526
vt 4.481291 0.656060
vt 4.481316 0.423526
vt 0.000323 0.656060
vt 0.000344 0.423526
vt 1.395359 0.423526
vt 5.876512 0.423503
vt 5.876488 0.656037
vt -2.092465 0.423526
vt 1.395337 0.656060
vt -2.325207 0.656037
vt -2.092487 0.656060
vt 4.713817 0.656060
vt 4.713842 0.423526
vt -2.325207 0.656060
vt 4.713825 0.656060
vt 4.713849 0.423526
vt 3.551179 0.423526
vt 7.039182 0.423503
vt 7.039158 0.656037
vt 7.271717 0.423571
vt 4.713824 0.656060
vt 1.162825 0.423526
vt 1.162804 0.656060
vt -6.045752 0.656060
vt -2.325000 0.423526
vt -2.325021 0.656060
vt 2.388500 0.423526
vt 5.876488 3.488144
vt 3.318613 7.208689
vt -2.034322 7.208689
vt -5.982749 7.208689
vt -5.982765 3.255610
vt 5.876488 -2.325207
vt 7.271692 -5.813220
vt 3.551015 -4.650548
vt -2.262205 -4.650548
vt -5.750216 -6.045753
vt -4.587546 -2.325177
vt -4.587546 3.488144
vt 1.225806 4.418280
vt 3.318613 3.255610
vt 2.621011 2.558007
vt -3.425089 -0.232831
vt -1.332282 -1.395502
vt -2.029885 -2.093104
vt -3.425090 -0.232831
vt 1.458347 -3.487690
vt 3.318620 -2.092487
vt -3.192363 1.162701
vt -2.029692 3.255507
vt -1.332091 2.557904
vt 5.876488 0.656060
vt -2.325186 0.423503
vt 7.271692 0.656106
vt -0.169588 -3.255762
vt -2.029868 -3.255754
vt -2.029860 -2.325620
vt -3.192530 -0.232809
vt -0.169390 4.418201
vt -0.169395 2.557930
vt -1.099531 2.557925
vt -1.099724 -1.162946
vt -2.262395 -2.325617
vt -2.262203 3.488062
vt -0.000297 0.656060
vt -0.169612 -3.255774
vt -2.029892 -3.255775
vt -2.029885 -2.325641
vt -3.192554 -0.232828
vt -3.424896 0.656060
vt -0.169418 4.418179
vt -0.169419 2.557907
vt -1.099559 2.557904
vt -3.192363 1.395235
vt 4.481308 1.395357
vt 2.621033 1.395359
vt 1.458364 4.418304
vt 4.481285 1.395336
vt 2.621014 1.395337
vt 1.458340 4.418272
vt 3.488144 0.656060
vt 2.621010 1.395336
vt 2.325473 0.656060
s 0
usemtl Material.001
f 3/1/1 2/2/1 1/3/1
f 4/4/2 5/2/2 2/2/2
f 6/4/3 7/5/4 5/2/3
f 10/6/1 7/5/1 8/4/1
f 9/7/3 11/8/3 7/5/3
f 14/9/1 11/8/1 12/7/1
f 13/10/2 15/8/2 11/8/2
f 18/11/1 15/8/1 16/12/1
f 1/3/2 20/1/2 3/1/2
f 21/13/1 20/1/1 19/14/1
f 19/14/5 24/15/6 21/13/7
f 25/16/1 24/15/1 23/14/1
f 33/17/1 27/18/1 31/19/1
f 28/20/8 32/21/7 27/18/9
f 26/19/2 27/18/2 24/15/2
f 29/22/1 32/21/1 30/23/1
f 30/23/1 34/24/1 29/22/1
f 38/25/1 34/24/1 36/26/1
f 36/26/9 40/27/8 38/25/7
f 41/28/1 40/27/1 39/29/1
f 16/12/3 44/11/3 18/11/3
f 45/30/1 44/11/1 43/31/1
f 43/32/7 48/33/7 45/34/7
f 54/35/1 53/36/1 56/37/1
f 51/38/1 48/39/1 47/31/1
f 58/40/1 53/36/1 55/41/1
f 60/42/1 57/43/1 58/40/1
f 59/44/10 61/45/10 57/43/10
f 64/46/1 61/45/1 62/47/1
f 64/46/3 65/48/3 63/48/3
f 68/49/1 65/48/1 66/50/1
f 66/50/2 70/49/2 68/49/2
f 71/51/1 70/49/1 69/50/1
f 69/50/3 74/51/3 71/51/3
f 75/52/1 74/51/1 73/50/1
f 77/53/10 76/54/10 75/52/10
f 79/55/1 78/56/1 77/53/1
f 82/57/2 78/58/2 80/59/2
f 84/60/1 81/61/1 82/62/1
f 86/63/1 81/61/1 83/64/1
f 88/65/1 85/66/1 86/63/1
f 87/67/10 89/68/10 85/66/10
f 92/69/1 89/68/1 90/70/1
f 90/70/3 94/69/3 92/69/3
f 95/71/1 94/69/1 93/70/1
f 95/71/3 98/72/3 96/72/3
f 99/73/1 98/72/1 97/74/1
f 103/75/1 102/76/1 101/77/1
f 101/77/2 106/75/2 103/75/2
f 105/77/2 108/75/2 106/75/2
f 107/77/2 110/78/2 108/75/2
f 111/79/1 110/78/1 109/77/1
f 112/80/3 113/78/3 110/78/3
f 116/81/1 113/78/1 114/82/1
f 114/82/2 118/83/2 116/81/2
f 119/84/1 118/83/1 117/82/1
f 120/85/3 121/86/3 118/83/3
f 124/87/1 121/86/1 122/85/1
f 123/88/2 125/89/2 121/86/2
f 128/90/1 125/89/1 126/88/1
f 127/91/3 129/89/3 125/89/3
f 132/92/1 129/89/1 130/93/1
f 130/93/2 134/94/2 132/92/2
f 135/95/1 134/94/1 133/93/1
f 158/96/1 159/97/1 160/98/1
f 156/98/2 153/96/2 155/96/2
f 154/98/2 151/99/2 153/96/2
f 150/100/1 151/99/1 152/98/1
f 149/101/3 148/99/3 151/99/3
f 145/102/1 148/99/1 147/103/1
f 147/103/2 143/104/2 145/102/2
f 142/105/1 143/104/1 144/103/1
f 141/106/3 140/107/3 143/104/3
f 137/108/1 140/107/1 139/106/1
f 138/109/2 161/110/2 140/107/2
f 164/111/1 161/110/1 162/109/1
f 163/112/3 165/110/3 161/110/3
f 168/113/1 165/110/1 166/114/1
f 166/114/11 170/115/3 168/113/11
f 171/116/1 170/115/1 169/114/1
f 194/117/1 195/118/1 196/119/1
f 192/119/3 189/117/3 191/117/3
f 190/119/3 187/120/3 189/117/3
f 186/121/1 187/120/1 188/119/1
f 185/122/2 184/120/2 187/120/2
f 183/123/1 182/124/1 184/120/1
f 183/123/3 179/125/3 181/126/3
f 180/123/1 177/127/1 179/125/1
f 177/127/2 176/128/2 179/125/2
f 173/129/1 176/128/1 175/127/1
f 174/130/3 197/131/3 176/128/3
f 200/132/1 197/131/1 198/130/1
f 199/133/2 201/131/2 197/131/2
f 204/134/1 201/131/1 202/135/1
f 202/135/5 206/136/6 204/134/7
f 207/137/1 206/136/1 205/135/1
f 230/138/1 231/139/1 232/140/1
f 228/140/3 225/138/3 227/138/3
f 226/140/3 223/141/3 225/138/3
f 222/142/1 223/141/1 224/140/1
f 221/143/2 220/141/2 223/141/2
f 217/144/1 220/141/1 219/145/1
f 219/145/8 215/146/9 217/144/12
f 214/147/1 215/146/1 216/145/1
f 213/148/2 212/149/2 215/146/2
f 209/150/1 212/149/1 211/148/1
f 210/151/3 233/152/3 212/149/3
f 236/153/1 233/152/1 234/151/1
f 235/154/2 237/152/2 233/152/2
f 240/155/1 237/152/1 238/156/1
f 238/156/3 242/157/3 240/155/3
f 243/158/1 242/157/1 241/156/1
f 477/152/3 725/159/3 721/159/3
f 262/32/6 505/160/6 261/161/6
f 406/109/3 648/162/3 650/162/3
f 260/32/5 501/163/5 504/164/5
f 330/165/6 576/164/6 332/32/6
f 401/166/5 649/167/5 645/168/5
f 479/169/5 722/170/5 723/171/5
f 255/8/3 503/172/3 499/172/3
f 332/173/13 575/174/13 331/175/13
f 403/176/5 646/168/5 647/177/5
f 480/178/14 723/179/14 724/180/14
f 258/181/5 500/160/5 502/163/5
f 327/182/6 574/183/6 330/165/6
f 478/151/3 720/184/3 722/184/3
f 325/185/14 573/174/14 569/186/14
f 404/187/14 647/188/14 648/189/14
f 477/178/13 717/190/13 473/191/13
f 257/192/14 502/193/14 501/194/14
f 402/106/3 644/195/3 646/195/3
f 256/7/3 497/196/3 500/196/3
f 328/173/14 570/186/14 572/197/14
f 401/187/13 641/198/13 397/199/13
f 474/191/13 719/179/13 475/200/13
f 255/192/13 495/201/13 251/202/13
f 328/57/6 571/203/6 327/182/6
f 398/199/13 643/188/13 399/204/13
f 476/205/5 719/206/5 720/170/5
f 252/202/13 498/193/13 254/207/13
f 326/57/5 567/208/5 570/209/5
f 474/148/3 716/210/3 718/210/3
f 321/58/5 569/203/5 565/211/5
f 400/166/5 643/212/5 644/168/5
f 473/205/6 713/213/6 469/214/6
f 253/161/5 498/215/5 497/160/5
f 398/103/3 630/216/3 642/216/3
f 252/4/3 494/217/3 496/217/3
f 324/59/5 566/218/5 568/208/5
f 397/166/6 625/219/6 381/220/6
f 470/214/6 715/206/6 471/221/6
f 251/161/6 493/222/6 249/223/6
f 323/185/14 568/224/14 567/186/14
f 471/225/13 716/190/13 472/191/13
f 250/4/3 492/217/3 494/217/3
f 320/58/6 566/218/6 322/226/6
f 396/227/6 639/228/6 395/229/6
f 470/145/3 702/230/3 714/230/3
f 247/2/3 493/231/3 491/231/3
f 321/185/13 563/232/13 319/233/13
f 396/234/14 638/235/14 640/236/14
f 453/237/14 713/190/14 697/238/14
f 395/234/13 637/235/13 393/239/13
f 245/240/13 492/201/13 248/202/13
f 320/58/5 562/241/5 564/211/5
f 392/227/6 635/228/6 391/229/6
f 319/58/6 561/241/6 317/242/6
f 394/227/5 637/228/5 638/243/5
f 467/244/14 712/245/14 711/246/14
f 246/240/14 491/201/14 490/247/14
f 392/96/3 634/248/3 636/248/3
f 468/249/5 710/250/5 712/251/5
f 318/252/3 558/253/3 562/224/3
f 467/249/6 709/250/6 465/254/6
f 316/51/3 561/255/3 560/255/3
f 463/244/14 708/245/14 707/246/14
f 389/98/3 635/256/3 633/256/3
f 465/244/13 710/245/13 466/257/13
f 384/258/6 634/243/6 390/227/6
f 464/138/3 706/259/3 708/259/3
f 315/233/13 557/224/13 313/252/13
f 385/258/5 632/228/5 629/212/5
f 316/242/6 559/260/6 315/261/6
f 387/98/3 633/256/3 631/256/3
f 314/252/11 554/224/11 558/253/11
f 461/140/3 707/262/3 705/262/3
f 312/49/3 557/263/3 556/263/3
f 462/257/14 700/264/14 706/245/14
f 387/239/13 632/265/13 388/266/13
f 460/244/13 701/264/13 457/225/13
f 385/266/13 630/198/13 386/199/13
f 459/140/3 705/262/3 703/262/3
f 309/242/5 555/260/5 553/241/5
f 384/99/3 627/267/3 628/267/3
f 312/252/13 555/268/13 311/269/13
f 382/220/6 627/212/6 383/258/6
f 310/252/14 552/270/14 554/224/14
f 382/239/14 625/198/14 626/235/14
f 459/254/6 704/271/6 460/272/6
f 307/48/3 553/273/3 551/273/3
f 380/274/14 622/275/14 624/276/14
f 457/272/6 702/213/6 458/214/6
f 379/274/13 621/275/13 377/277/13
f 456/141/3 699/278/3 700/278/3
f 306/58/6 552/241/6 308/242/6
f 380/279/6 623/280/6 379/281/6
f 455/225/14 698/238/14 699/264/14
f 305/58/5 551/241/5 549/211/5
f 378/93/3 618/282/3 622/282/3
f 454/254/5 697/213/5 698/250/5
f 376/283/5 621/280/5 620/284/5
f 451/285/5 694/286/5 695/287/5
f 306/288/15 547/289/15 550/270/15
f 452/285/6 693/286/6 449/290/6
f 305/269/16 545/291/16 301/292/16
f 452/293/14 695/294/14 696/295/14
f 373/279/5 619/284/5 617/296/5
f 450/135/3 690/297/3 694/297/3
f 304/298/14 546/291/14 548/289/14
f 376/277/13 619/299/13 375/300/13
f 449/293/13 691/301/13 447/302/13
f 374/277/14 615/303/14 618/275/14
f 304/304/6 547/305/6 303/306/6
f 369/89/3 617/307/3 613/307/3
f 9/7/2 254/6/2 253/7/2
f 215/146/2 473/149/2 469/146/2
f 141/106/2 399/105/2 400/106/2
f 78/56/2 325/61/2 321/56/2
f 211/148/3 472/148/3 474/148/3
f 82/62/2 323/308/2 326/62/2
f 10/6/3 252/4/3 254/6/3
f 210/151/2 475/150/2 476/151/2
f 142/105/3 398/103/3 399/105/3
f 83/64/2 328/60/2 327/64/2
f 7/5/3 255/8/3 251/5/3
f 209/150/3 474/148/3 475/150/3
f 143/104/3 401/107/3 397/104/3
f 84/60/3 326/62/3 328/60/3
f 12/7/3 253/7/3 256/7/3
f 139/106/3 400/106/3 402/106/3
f 13/10/3 258/9/3 257/10/3
f 212/149/3 477/152/3 473/149/3
f 138/109/3 403/108/3 404/109/3
f 81/61/3 329/66/3 325/61/3
f 234/151/3 476/151/3 478/151/3
f 86/63/2 327/64/2 330/63/2
f 14/9/2 256/7/2 258/9/2
f 235/154/3 479/153/3 480/154/3
f 137/108/2 402/106/2 403/108/2
f 87/67/3 332/65/3 331/67/3
f 11/8/3 259/8/3 255/8/3
f 236/153/2 478/151/2 479/153/2
f 140/107/2 405/110/2 401/107/2
f 88/65/2 330/63/2 332/65/2
f 16/12/2 257/10/2 260/12/2
f 162/109/3 404/109/3 406/109/3
f 17/309/2 262/11/2 261/309/2
f 233/152/3 481/152/3 477/152/3
f 163/112/2 407/111/2 408/112/2
f 85/66/2 333/68/2 329/66/2
f 15/8/3 261/309/3 259/8/3
f 238/156/2 480/154/2 482/156/2
f 90/70/2 331/67/2 334/70/2
f 239/310/2 483/155/2 484/310/2
f 164/111/3 406/109/3 407/111/3
f 91/311/2 336/69/2 335/311/2
f 237/152/3 484/310/3 481/152/3
f 89/68/3 335/311/3 333/68/3
f 3/1/3 263/1/3 245/1/3
f 161/110/3 409/110/3 405/110/3
f 19/14/2 246/3/2 264/14/2
f 166/114/3 408/112/3 410/114/3
f 22/312/2 266/13/2 265/312/2
f 240/155/3 485/157/3 483/155/3
f 167/313/3 411/113/3 412/313/3
f 92/69/3 337/69/3 336/69/3
f 20/1/3 265/312/3 263/1/3
f 241/156/3 482/156/3 486/156/3
f 165/110/2 412/313/2 409/110/2
f 93/70/3 334/70/3 338/70/3
f 244/314/3 487/158/3 488/314/3
f 242/157/2 488/314/2 485/157/2
f 94/69/2 339/72/2 337/69/2
f 21/13/3 267/15/3 266/13/3
f 243/158/2 486/156/2 487/158/2
f 168/113/2 413/115/2 411/113/2
f 95/71/2 338/70/2 340/71/2
f 23/14/3 264/14/3 268/14/3
f 169/114/3 410/114/3 414/114/3
f 26/19/3 270/16/3 269/19/3
f 172/315/2 415/116/2 416/315/2
f 96/72/3 341/72/3 339/72/3
f 170/115/3 416/315/3 413/115/3
f 97/74/3 340/71/3 342/74/3
f 25/16/2 268/14/2 270/16/2
f 171/116/3 414/114/3 415/116/3
f 100/316/3 344/73/3 343/316/3
f 182/124/2 417/126/2 418/124/2
f 98/72/2 343/316/2 341/72/2
f 33/17/3 272/19/3 273/17/3
f 184/120/3 418/124/3 419/120/3
f 99/73/2 342/74/2 344/73/2
f 31/19/3 269/19/3 272/19/3
f 187/120/3 419/120/3 420/120/3
f 101/77/3 345/76/3 346/77/3
f 35/317/3 275/22/3 274/317/3
f 183/123/2 421/122/2 422/123/2
f 104/318/3 347/75/3 348/318/3
f 30/23/3 277/20/3 276/23/3
f 186/121/2 423/119/2 424/121/2
f 102/76/2 348/318/2 345/76/2
f 27/18/3 278/21/3 271/18/3
f 24/15/2 271/18/2 267/15/2
f 28/20/2 273/17/2 277/20/2
f 188/119/3 425/119/3 423/119/3
f 103/75/3 350/75/3 347/75/3
f 185/122/3 424/121/3 421/122/3
f 105/77/3 346/77/3 349/77/3
f 189/117/3 420/120/3 426/117/3
f 190/119/3 427/119/3 425/119/3
f 106/75/3 352/75/3 350/75/3
f 107/77/3 349/77/3 351/77/3
f 32/21/2 274/317/2 278/21/2
f 29/22/3 279/24/3 275/22/3
f 191/117/3 426/117/3 428/117/3
f 108/75/2 354/78/2 352/75/2
f 36/26/2 276/23/2 280/26/2
f 194/117/3 429/119/3 430/117/3
f 109/77/3 351/77/3 353/77/3
f 37/319/2 282/25/2 281/319/2
f 192/119/3 428/117/3 427/119/3
f 112/80/2 355/79/2 356/80/2
f 34/24/3 281/319/3 279/24/3
f 196/119/2 431/118/2 429/119/2
f 193/320/2 430/117/2 432/320/2
f 111/79/3 353/77/3 355/79/3
f 195/118/3 432/320/3 431/118/3
f 38/25/3 283/27/3 282/25/3
f 110/78/3 357/78/3 354/78/3
f 39/29/3 280/26/3 284/29/3
f 114/82/3 356/80/3 358/82/3
f 42/321/3 286/28/3 285/321/3
f 181/126/3 433/125/3 417/126/3
f 115/322/3 360/81/3 359/322/3
f 40/27/2 285/321/2 283/27/2
f 180/123/3 422/123/3 434/123/3
f 113/78/2 359/322/2 357/78/2
f 41/28/2 284/29/2 286/28/2
f 177/127/3 435/323/3 436/127/3
f 18/11/3 287/11/3 262/11/3
f 178/323/2 434/123/2 435/323/2
f 116/81/2 361/83/2 360/81/2
f 43/31/3 260/12/3 288/31/3
f 117/82/3 358/82/3 362/82/3
f 46/324/3 290/30/3 289/324/3
f 179/125/2 437/128/2 433/125/2
f 120/85/2 364/84/2 363/85/2
f 44/11/2 289/324/2 287/11/2
f 175/127/3 436/127/3 438/127/3
f 174/130/2 439/129/2 440/130/2
f 119/84/3 362/82/3 364/84/3
f 45/30/2 291/39/2 290/30/2
f 173/129/3 438/127/3 439/129/3
f 118/83/3 365/86/3 361/83/3
f 47/31/3 288/31/3 292/31/3
f 122/85/3 363/85/3 366/85/3
f 51/38/3 292/31/3 293/38/3
f 176/128/3 441/131/3 437/128/3
f 123/88/3 368/87/3 367/88/3
f 48/39/3 294/325/3 291/39/3
f 198/130/3 440/130/3 442/130/3
f 49/30/3 296/326/3 295/30/3
f 199/133/3 443/132/3 444/133/3
f 124/87/2 366/85/2 368/87/2
f 54/35/2 298/37/2 297/35/2
f 50/325/2 293/38/2 294/325/2
f 200/132/2 442/130/2 443/132/2
f 121/86/2 369/89/2 365/86/2
f 55/41/3 297/35/3 299/41/3
f 126/88/3 367/88/3 370/88/3
f 197/131/3 445/131/3 441/131/3
f 127/91/2 372/90/2 371/91/2
f 202/135/2 444/133/2 446/135/2
f 56/37/3 300/36/3 298/37/3
f 203/327/2 447/134/2 448/327/2
f 128/90/3 370/88/3 372/90/3
f 53/36/3 301/43/3 300/36/3
f 201/131/3 448/327/3 445/131/3
f 58/40/3 299/41/3 302/40/3
f 125/89/3 373/89/3 369/89/3
f 59/44/2 304/42/2 303/44/2
f 130/93/3 371/91/3 374/93/3
f 204/134/3 449/136/3 447/134/3
f 131/328/3 376/92/3 375/328/3
f 60/42/3 302/40/3 304/42/3
f 205/135/3 446/135/3 450/135/3
f 129/89/2 375/328/2 373/89/2
f 208/320/3 451/137/3 452/320/3
f 57/43/3 305/45/3 301/43/3
f 206/136/2 452/320/2 449/136/2
f 62/47/3 303/44/3 306/47/3
f 207/137/2 450/135/2 451/137/2
f 132/92/2 377/94/2 376/92/2
f 218/329/2 453/144/2 454/329/2
f 133/93/3 374/93/3 378/93/3
f 61/45/2 307/48/2 305/45/2
f 220/141/3 454/329/3 455/141/3
f 136/318/2 380/95/2 379/318/2
f 64/46/2 306/47/2 308/46/2
f 223/141/3 455/141/3 456/141/3
f 134/94/3 379/318/3 377/94/3
f 219/145/2 457/143/2 458/145/2
f 135/95/3 378/93/3 380/95/3
f 63/48/3 309/48/3 307/48/3
f 222/142/2 459/140/2 460/142/2
f 146/330/3 381/102/3 382/330/3
f 66/50/3 308/46/3 310/50/3
f 148/99/2 382/330/2 383/99/2
f 67/331/3 312/49/3 311/331/3
f 151/99/3 383/99/3 384/99/3
f 65/48/2 311/331/2 309/48/2
f 224/140/3 461/140/3 459/140/3
f 147/103/3 385/101/3 386/103/3
f 221/143/3 460/142/3 457/143/3
f 150/100/3 387/98/3 388/100/3
f 225/138/3 456/141/3 462/138/3
f 68/49/3 313/49/3 312/49/3
f 226/140/3 463/140/3 461/140/3
f 69/50/3 310/50/3 314/50/3
f 152/98/3 389/98/3 387/98/3
f 72/332/2 316/51/2 315/332/2
f 149/101/2 388/100/2 385/101/2
f 70/49/3 315/332/3 313/49/3
f 227/138/3 462/138/3 464/138/3
f 153/96/2 384/99/2 390/96/2
f 230/138/3 465/140/3 466/138/3
f 154/98/3 391/98/3 389/98/3
f 228/140/3 464/138/3 463/140/3
f 71/51/3 317/51/3 316/51/3
f 232/140/2 467/139/2 465/140/2
f 73/50/3 314/50/3 318/50/3
f 229/314/2 466/138/2 468/314/2
f 155/96/3 390/96/3 392/96/3
f 1/3/3 247/2/3 246/3/3
f 231/139/3 468/314/3 467/139/3
f 158/96/2 393/98/2 394/96/2
f 74/51/2 319/54/2 317/51/2
f 156/98/2 392/96/2 391/98/2
f 75/52/2 318/50/2 320/52/2
f 4/4/3 245/1/3 248/4/3
f 160/98/3 395/97/3 393/98/3
f 217/144/3 469/146/3 453/144/3
f 157/315/3 394/96/3 396/315/3
f 76/54/3 321/56/3 319/54/3
f 2/2/3 249/2/3 247/2/3
f 216/145/3 458/145/3 470/145/3
f 159/97/2 396/315/2 395/97/2
f 77/53/2 320/52/2 322/53/2
f 6/4/3 248/4/3 250/4/3
f 213/148/3 471/147/3 472/148/3
f 80/308/3 324/55/3 323/308/3
f 5/2/2 251/5/2 249/2/2
f 214/147/2 470/145/2 471/147/2
f 145/102/2 397/104/2 381/102/2
f 79/55/2 322/53/2 324/55/2
f 8/4/3 250/4/3 252/4/3
f 144/103/3 386/103/3 398/103/3
f 491/231/10 489/333/10 490/334/10
f 492/217/2 493/231/2 494/217/2
f 494/217/2 495/335/2 496/217/2
f 495/335/10 498/336/10 496/217/10
f 497/196/3 499/172/3 500/196/3
f 499/172/10 502/337/10 500/196/10
f 501/338/2 503/172/2 504/339/2
f 503/172/10 506/340/10 504/339/10
f 490/334/2 507/333/2 508/341/2
f 507/333/10 510/342/10 508/341/10
f 508/341/3 511/343/3 512/341/3
f 511/343/10 514/344/10 512/341/10
f 515/345/10 517/346/10 516/347/10
f 521/348/3 522/349/3 520/350/3
f 513/347/2 515/345/2 516/347/2
f 522/349/10 519/351/10 520/350/10
f 520/350/2 523/352/2 524/353/2
f 523/352/10 526/354/10 524/353/10
f 524/353/3 527/355/3 528/356/3
f 527/355/10 530/357/10 528/356/10
f 504/339/3 531/340/3 532/358/3
f 531/340/10 534/359/10 532/358/10
f 532/164/2 535/360/2 536/164/2
f 544/361/10 541/362/10 542/363/10
f 535/364/10 537/365/10 536/358/10
f 544/361/10 546/366/10 543/367/10
f 545/368/10 548/369/10 546/366/10
f 547/370/17 549/371/18 550/372/1
f 549/371/10 552/373/10 550/372/10
f 552/373/11 553/273/11 554/374/11
f 553/273/10 556/263/10 554/374/10
f 554/374/2 557/263/2 558/375/2
f 557/263/10 560/255/10 558/375/10
f 558/375/3 561/255/3 562/374/3
f 561/255/10 564/376/10 562/374/10
f 563/377/1 566/378/1 564/376/1
f 565/379/10 568/380/10 566/378/10
f 565/211/19 570/209/4 567/208/3
f 569/381/10 572/382/10 570/383/10
f 569/381/10 574/384/10 571/385/10
f 573/386/10 576/387/10 574/384/10
f 575/388/2 577/389/2 578/390/2
f 577/389/10 580/391/10 578/390/10
f 578/390/3 581/391/3 582/390/3
f 581/391/10 584/392/10 582/390/10
f 584/392/3 585/393/3 586/394/3
f 585/393/10 588/395/10 586/394/10
f 589/396/10 591/397/10 590/398/10
f 590/398/2 594/397/2 593/398/2
f 593/398/2 596/397/2 595/398/2
f 595/398/2 598/399/2 597/398/2
f 598/399/10 599/400/10 597/398/10
f 600/401/3 601/399/3 602/402/3
f 601/399/10 604/403/10 602/402/10
f 602/402/2 605/404/2 606/402/2
f 605/404/10 608/405/10 606/402/10
f 607/406/3 609/407/3 610/406/3
f 609/407/10 612/408/10 610/406/10
f 611/409/2 613/307/2 614/409/2
f 613/307/10 616/410/10 614/409/10
f 615/411/3 617/307/3 618/282/3
f 617/307/10 620/412/10 618/282/10
f 618/282/2 621/413/2 622/282/2
f 621/413/10 624/414/10 622/282/10
f 639/415/10 638/248/10 637/256/10
f 635/256/2 634/248/2 633/256/2
f 633/256/2 628/267/2 631/256/2
f 628/267/10 632/416/10 631/256/10
f 629/417/3 627/267/3 630/216/3
f 627/267/10 625/418/10 630/216/10
f 630/216/2 641/419/2 642/216/2
f 641/419/10 643/420/10 642/216/10
f 644/195/3 645/421/3 646/195/3
f 645/421/10 647/422/10 646/195/10
f 648/162/2 649/423/2 650/162/2
f 649/423/10 651/424/10 650/162/10
f 652/425/3 653/423/3 654/426/3
f 653/423/10 655/427/10 654/426/10
f 654/426/2 657/428/2 658/426/2
f 657/428/10 659/429/10 658/426/10
f 675/430/10 674/431/10 673/432/10
f 671/432/3 670/431/3 669/432/3
f 669/432/3 664/433/3 667/432/3
f 664/433/10 668/434/10 667/432/10
f 665/435/1 663/433/1 666/436/1
f 666/436/10 662/437/10 661/438/10
f 666/436/3 677/439/3 678/436/3
f 678/436/10 680/440/10 679/441/10
f 680/440/2 681/442/2 682/440/2
f 681/442/10 683/443/10 682/440/10
f 684/444/3 685/445/3 686/444/3
f 685/445/10 687/446/10 686/444/10
f 688/447/2 689/445/2 690/297/2
f 689/445/10 691/448/10 690/297/10
f 690/297/3 693/449/3 694/297/3
f 693/449/10 695/450/10 694/297/10
f 711/451/10 710/259/10 709/262/10
f 707/262/3 706/259/3 705/262/3
f 705/262/3 700/278/3 703/262/3
f 700/278/10 704/452/10 703/262/10
f 701/453/2 699/278/2 702/230/2
f 699/278/10 697/454/10 702/230/10
f 702/230/3 713/455/3 714/230/3
f 713/455/10 715/456/10 714/230/10
f 716/210/2 717/457/2 718/210/2
f 717/457/10 719/458/10 718/210/10
f 720/184/3 721/159/3 722/184/3
f 721/159/10 723/459/10 722/184/10
f 724/460/2 725/159/2 726/461/2
f 725/159/10 727/462/10 726/461/10
f 726/461/3 729/463/3 730/461/3
f 729/463/10 731/464/10 730/461/10
f 407/176/6 652/167/6 408/465/6
f 333/466/5 573/183/5 329/165/5
f 261/467/13 503/194/13 259/192/13
f 482/468/5 724/171/5 726/469/5
f 331/32/6 578/470/6 334/471/6
f 483/468/6 728/170/6 484/205/6
f 407/472/14 650/189/14 651/473/14
f 335/466/5 580/470/5 579/474/5
f 484/475/13 725/180/13 481/178/13
f 333/175/14 579/476/14 577/174/14
f 245/1/3 507/333/3 489/333/3
f 405/110/3 653/423/3 649/423/3
f 264/477/5 490/222/5 508/478/5
f 410/479/14 652/473/14 654/480/14
f 266/477/6 509/215/6 265/481/6
f 485/257/13 727/482/13 483/475/13
f 411/479/13 656/189/13 412/187/13
f 336/69/3 581/391/3 580/391/3
f 265/298/13 507/247/13 263/240/13
f 486/156/3 726/461/3 730/461/3
f 409/465/5 656/483/5 653/167/5
f 338/70/3 578/390/3 582/390/3
f 488/257/14 731/180/14 732/245/14
f 488/249/6 729/469/6 485/468/6
f 337/471/5 583/163/5 581/470/5
f 267/484/13 510/289/13 266/298/13
f 487/249/5 730/469/5 731/251/5
f 411/485/5 657/243/5 655/483/5
f 338/471/6 584/163/6 340/181/6
f 268/14/3 508/341/3 512/341/3
f 414/114/3 654/426/3 658/426/3
f 269/484/14 514/247/14 513/253/14
f 415/465/6 660/243/6 416/227/6
f 339/72/3 585/393/3 583/393/3
f 416/234/13 657/480/13 413/479/13
f 342/185/14 584/174/14 586/186/14
f 270/486/5 512/478/5 514/487/5
f 415/234/14 658/480/14 659/488/14
f 344/185/13 587/476/13 343/489/13
f 418/490/5 661/491/5 662/492/5
f 341/181/5 587/160/5 585/163/5
f 273/493/14 516/253/14 517/232/14
f 419/494/14 662/495/14 663/496/14
f 342/181/6 588/160/6 344/161/6
f 272/19/3 513/347/3 516/347/3
f 420/120/3 663/433/3 664/433/3
f 345/274/13 590/289/13 346/298/13
f 275/185/13 518/497/13 274/498/13
f 421/499/6 666/491/6 422/500/6
f 348/274/14 591/289/14 592/276/14
f 276/185/14 521/232/14 520/186/14
f 423/490/6 668/501/6 424/499/6
f 348/281/6 589/502/6 345/503/6
f 278/498/13 515/253/13 271/484/13
f 267/477/5 515/222/5 511/478/5
f 273/486/6 521/222/6 277/223/6
f 423/119/3 669/432/3 667/432/3
f 347/75/3 594/397/3 591/397/3
f 424/504/13 665/496/13 421/494/13
f 349/77/3 590/398/3 593/398/3
f 426/505/14 664/496/14 670/295/14
f 425/119/3 671/432/3 669/432/3
f 350/75/3 596/397/3 594/397/3
f 351/77/3 593/398/3 595/398/3
f 278/223/5 518/215/5 522/222/5
f 279/506/13 519/186/13 275/185/13
f 428/117/3 670/431/3 672/431/3
f 354/161/6 596/280/6 352/281/6
f 280/161/5 520/222/5 524/160/5
f 429/504/13 674/295/13 430/505/13
f 353/77/3 595/398/3 597/398/3
f 282/161/6 525/215/6 281/481/6
f 427/504/14 672/295/14 671/507/14
f 356/161/5 599/502/5 600/160/5
f 281/173/13 523/508/13 279/506/13
f 431/285/6 673/492/6 429/490/6
f 432/285/5 674/492/5 676/287/5
f 353/298/13 599/247/13 355/240/13
f 431/504/14 676/295/14 675/507/14
f 283/509/13 526/197/13 282/173/13
f 354/78/3 601/399/3 598/399/3
f 280/506/14 528/510/14 284/511/14
f 356/240/13 602/512/13 358/513/13
f 285/509/14 530/510/14 529/514/14
f 417/515/14 677/516/14 661/495/14
f 359/298/14 604/512/14 603/289/14
f 285/181/6 527/160/6 283/161/6
f 434/123/3 666/436/3 678/436/3
f 359/181/6 601/160/6 357/161/6
f 286/181/5 528/160/5 530/163/5
f 435/494/13 680/516/13 436/517/13
f 262/11/3 531/340/3 506/340/3
f 434/500/6 679/518/6 435/519/6
f 361/520/6 604/163/6 360/181/6
f 260/192/13 532/201/13 288/202/13
f 362/82/3 602/402/3 606/402/3
f 289/521/14 534/201/14 533/522/14
f 437/523/6 677/491/6 433/500/6
f 363/520/5 608/160/5 607/524/5
f 287/32/6 533/525/6 531/164/6
f 438/127/3 680/440/3 682/440/3
f 440/523/5 683/518/5 684/526/5
f 362/513/13 608/527/13 364/528/13
f 291/33/6 534/529/6 290/34/6
f 438/517/13 683/530/13 439/531/13
f 365/300/13 605/512/13 361/513/13
f 292/31/3 532/358/3 536/358/3
f 366/85/3 607/406/3 610/406/3
f 292/202/13 537/193/13 293/207/13
f 441/532/13 681/516/13 437/517/13
f 367/300/14 612/527/14 611/299/14
f 291/533/14 538/193/14 535/534/14
f 442/130/3 684/444/3 686/444/3
f 296/535/14 539/201/14 295/202/14
f 444/532/14 687/536/14 688/294/14
f 368/537/5 610/524/5 612/538/5
f 297/304/5 542/305/5 541/539/5
f 294/58/5 537/164/5 538/211/5
f 443/540/5 686/526/5 687/541/5
f 365/520/5 613/296/5 609/524/5
f 299/240/14 541/193/14 543/247/14
f 370/88/3 611/409/3 614/409/3
f 441/131/3 689/445/3 685/445/3
f 372/537/6 615/296/6 371/279/6
f 446/290/5 688/541/5 690/286/5
f 300/240/13 542/193/13 298/207/13
f 447/290/6 692/526/6 448/523/6
f 372/542/14 614/299/14 616/303/14
f 301/292/20 544/247/20 300/240/20
f 448/302/13 689/294/13 445/532/13
f 299/240/14 546/291/14 302/292/14
f 3/1/1 4/4/1 2/2/1
f 4/4/2 6/4/2 5/2/2
f 6/4/2 8/4/2 7/5/2
f 10/6/1 9/7/1 7/5/1
f 9/7/3 12/7/3 11/8/3
f 14/9/1 13/10/1 11/8/1
f 13/10/2 16/12/2 15/8/2
f 18/11/1 17/309/1 15/8/1
f 1/3/2 19/14/2 20/1/2
f 21/13/1 22/312/1 20/1/1
f 19/14/3 23/14/3 24/15/3
f 25/16/1 26/19/1 24/15/1
f 33/17/1 28/20/1 27/18/1
f 28/20/3 30/23/3 32/21/3
f 26/19/2 31/19/2 27/18/2
f 29/22/1 35/317/1 32/21/1
f 30/23/1 36/26/1 34/24/1
f 38/25/1 37/319/1 34/24/1
f 36/26/3 39/29/3 40/27/3
f 41/28/1 42/321/1 40/27/1
f 16/12/3 43/31/3 44/11/3
f 45/30/21 46/324/21 44/11/21
f 43/32/2 47/32/2 48/33/2
f 54/35/1 55/41/1 53/36/1
f 51/38/22 50/325/22 48/39/22
f 58/40/1 57/43/1 53/36/1
f 60/42/1 59/44/1 57/43/1
f 59/44/10 62/47/10 61/45/10
f 64/46/1 63/48/1 61/45/1
f 64/46/11 66/50/11 65/48/11
f 68/49/1 67/331/1 65/48/1
f 66/50/2 69/50/2 70/49/2
f 71/51/1 72/332/1 70/49/1
f 69/50/3 73/50/3 74/51/3
f 75/52/1 76/54/1 74/51/1
f 77/53/10 78/56/10 76/54/10
f 79/55/1 80/308/1 78/56/1
f 82/57/2 81/182/2 78/58/2
f 84/60/1 83/64/1 81/61/1
f 86/63/1 85/66/1 81/61/1
f 88/65/1 87/67/1 85/66/1
f 87/67/2 90/70/2 89/68/2
f 92/69/1 91/311/1 89/68/1
f 90/70/3 93/70/3 94/69/3
f 95/71/1 96/72/1 94/69/1
f 95/71/3 97/74/3 98/72/3
f 99/73/1 100/316/1 98/72/1
f 103/75/1 104/318/1 102/76/1
f 101/77/2 105/77/2 106/75/2
f 105/77/2 107/77/2 108/75/2
f 107/77/2 109/77/2 110/78/2
f 111/79/1 112/80/1 110/78/1
f 112/80/3 114/82/3 113/78/3
f 116/81/1 115/322/1 113/78/1
f 114/82/2 117/82/2 118/83/2
f 119/84/1 120/85/1 118/83/1
f 120/85/3 122/85/3 121/86/3
f 124/87/1 123/88/1 121/86/1
f 123/88/2 126/88/2 125/89/2
f 128/90/1 127/91/1 125/89/1
f 127/91/3 130/93/3 129/89/3
f 132/92/1 131/328/1 129/89/1
f 130/93/2 133/93/2 134/94/2
f 135/95/1 136/318/1 134/94/1
f 158/96/1 157/315/1 159/97/1
f 156/98/2 154/98/2 153/96/2
f 154/98/2 152/98/2 151/99/2
f 150/100/1 149/101/1 151/99/1
f 149/101/3 147/103/3 148/99/3
f 145/102/1 146/330/1 148/99/1
f 147/103/2 144/103/2 143/104/2
f 142/105/1 141/106/1 143/104/1
f 141/106/3 139/106/3 140/107/3
f 137/108/1 138/109/1 140/107/1
f 138/109/2 162/109/2 161/110/2
f 164/111/1 163/112/1 161/110/1
f 163/112/3 166/114/3 165/110/3
f 168/113/1 167/313/1 165/110/1
f 166/114/2 169/114/2 170/115/2
f 171/116/1 172/315/1 170/115/1
f 194/117/1 193/320/1 195/118/1
f 192/119/3 190/119/3 189/117/3
f 190/119/3 188/119/3 187/120/3
f 186/121/1 185/122/1 187/120/1
f 185/122/2 183/123/2 184/120/2
f 183/123/1 181/126/1 182/124/1
f 183/123/3 180/123/3 179/125/3
f 180/123/1 178/323/1 177/127/1
f 177/127/2 175/127/2 176/128/2
f 173/129/1 174/130/1 176/128/1
f 174/130/3 198/130/3 197/131/3
f 200/132/1 199/133/1 197/131/1
f 199/133/2 202/135/2 201/131/2
f 204/134/1 203/327/1 201/131/1
f 202/135/3 205/135/3 206/136/3
f 207/137/1 208/320/1 206/136/1
f 230/138/1 229/314/1 231/139/1
f 228/140/3 226/140/3 225/138/3
f 226/140/3 224/140/3 223/141/3
f 222/142/1 221/143/1 223/141/1
f 221/143/3 219/145/3 220/141/11
f 217/144/1 218/329/1 220/141/1
f 219/145/3 216/145/3 215/146/3
f 214/147/1 213/148/1 215/146/1
f 213/148/2 211/148/2 212/149/2
f 209/150/1 210/151/1 212/149/1
f 210/151/3 234/151/3 233/152/3
f 236/153/1 235/154/1 233/152/1
f 235/154/2 238/156/2 237/152/2
f 240/155/1 239/310/1 237/152/1
f 238/156/3 241/156/3 242/157/3
f 243/158/1 244/314/1 242/157/1
f 477/152/3 481/152/3 725/159/3
f 262/32/6 506/164/6 505/160/6
f 406/109/3 404/109/3 648/162/3
f 260/32/5 257/181/5 501/163/5
f 330/165/6 574/183/6 576/164/6
f 401/166/5 405/465/5 649/167/5
f 479/169/5 478/205/5 722/170/5
f 255/8/3 259/8/3 503/172/3
f 332/173/13 576/197/13 575/174/13
f 403/176/5 402/166/5 646/168/5
f 480/178/14 479/200/14 723/179/14
f 258/181/5 256/161/5 500/160/5
f 327/182/6 571/203/6 574/183/6
f 478/151/3 476/151/3 720/184/3
f 325/185/14 329/175/14 573/174/14
f 404/187/14 403/204/14 647/188/14
f 477/178/13 721/180/13 717/190/13
f 257/192/14 258/207/14 502/193/14
f 402/106/3 400/106/3 644/195/3
f 256/7/3 253/7/3 497/196/3
f 328/173/14 326/185/14 570/186/14
f 401/187/13 645/189/13 641/198/13
f 474/191/13 718/190/13 719/179/13
f 255/192/13 499/194/13 495/201/13
f 328/57/6 572/209/6 571/203/6
f 398/199/13 642/198/13 643/188/13
f 476/205/5 475/221/5 719/206/5
f 252/202/13 496/201/13 498/193/13
f 326/57/5 323/59/5 567/208/5
f 474/148/3 472/148/3 716/210/3
f 321/58/5 325/182/5 569/203/5
f 400/166/5 399/258/5 643/212/5
f 473/205/6 717/170/6 713/213/6
f 253/161/5 254/481/5 498/215/5
f 398/103/3 386/103/3 630/216/3
f 252/4/3 250/4/3 494/217/3
f 324/59/5 322/226/5 566/218/5
f 397/166/6 641/168/6 625/219/6
f 470/214/6 714/213/6 715/206/6
f 251/161/6 495/160/6 493/222/6
f 323/185/14 324/252/14 568/224/14
f 471/225/13 715/264/13 716/190/13
f 250/4/3 248/4/3 492/217/3
f 320/58/6 564/211/6 566/218/6
f 396/227/6 640/243/6 639/228/6
f 470/145/3 458/145/3 702/230/3
f 247/2/3 249/2/3 493/231/3
f 321/185/13 565/186/13 563/232/13
f 396/234/14 394/239/14 638/235/14
f 453/237/14 469/191/14 713/190/14
f 395/234/13 639/236/13 637/235/13
f 245/240/13 489/247/13 492/201/13
f 320/58/5 318/242/5 562/241/5
f 392/227/6 636/243/6 635/228/6
f 319/58/6 563/211/6 561/241/6
f 394/227/5 393/229/5 637/228/5
f 467/244/14 468/257/14 712/245/14
f 246/240/14 247/202/14 491/201/14
f 392/96/3 390/96/3 634/248/3
f 468/249/5 466/254/5 710/250/5
f 318/252/3 314/252/3 558/253/3
f 467/249/6 711/251/6 709/250/6
f 316/51/3 317/51/3 561/255/3
f 463/244/14 464/257/14 708/245/14
f 389/98/3 391/98/3 635/256/3
f 465/244/13 709/246/13 710/245/13
f 384/258/6 628/212/6 634/243/6
f 464/138/3 462/138/3 706/259/3
f 315/233/13 559/232/13 557/224/13
f 385/258/5 388/229/5 632/228/5
f 316/242/6 560/241/6 559/260/6
f 387/98/3 389/98/3 633/256/3
f 314/252/3 310/252/3 554/224/3
f 461/140/3 463/140/3 707/262/3
f 312/49/3 313/49/3 557/263/3
f 462/257/14 456/225/14 700/264/14
f 387/239/13 631/235/13 632/265/13
f 460/244/13 704/246/13 701/264/13
f 385/266/13 629/265/13 630/198/13
f 459/140/3 461/140/3 705/262/3
f 309/242/5 311/261/5 555/260/5
f 384/99/3 383/99/3 627/267/3
f 312/252/13 556/224/13 555/268/13
f 382/220/6 626/219/6 627/212/6
f 310/252/14 308/288/14 552/270/14
f 382/239/14 381/199/14 625/198/14
f 459/254/6 703/250/6 704/271/6
f 307/48/3 309/48/3 553/273/3
f 380/274/14 378/277/14 622/275/14
f 457/272/6 701/271/6 702/213/6
f 379/274/13 623/276/13 621/275/13
f 456/141/3 455/141/3 699/278/3
f 306/58/6 550/211/6 552/241/6
f 380/279/6 624/296/6 623/280/6
f 455/225/14 454/237/14 698/238/14
f 305/58/5 307/242/5 551/241/5
f 378/93/3 374/93/3 618/282/3
f 454/254/5 453/214/5 697/213/5
f 376/283/5 377/281/5 621/280/5
f 451/285/5 450/290/5 694/286/5
f 306/288/15 303/298/15 547/289/15
f 452/285/6 696/287/6 693/286/6
f 305/269/16 549/268/16 545/291/16
f 452/293/14 451/532/14 695/294/14
f 373/279/5 375/283/5 619/284/5
f 450/135/3 446/135/3 690/297/3
f 304/298/14 302/292/14 546/291/14
f 376/277/13 620/275/13 619/299/13
f 449/293/13 693/295/13 691/301/13
f 374/277/14 371/542/14 615/303/14
f 304/304/6 548/539/6 547/305/6
f 369/89/3 373/89/3 617/307/3
f 9/7/2 10/6/2 254/6/2
f 215/146/2 212/149/2 473/149/2
f 141/106/2 142/105/2 399/105/2
f 78/56/2 81/61/2 325/61/2
f 211/148/3 213/148/3 472/148/3
f 82/62/2 80/308/2 323/308/2
f 10/6/3 8/4/3 252/4/3
f 210/151/2 209/150/2 475/150/2
f 142/105/3 144/103/3 398/103/3
f 83/64/2 84/60/2 328/60/2
f 7/5/3 11/8/3 255/8/3
f 209/150/3 211/148/3 474/148/3
f 143/104/3 140/107/3 401/107/3
f 84/60/3 82/62/3 326/62/3
f 12/7/3 9/7/3 253/7/3
f 139/106/3 141/106/3 400/106/3
f 13/10/3 14/9/3 258/9/3
f 212/149/3 233/152/3 477/152/3
f 138/109/3 137/108/3 403/108/3
f 81/61/3 85/66/3 329/66/3
f 234/151/3 210/151/3 476/151/3
f 86/63/2 83/64/2 327/64/2
f 14/9/2 12/7/2 256/7/2
f 235/154/3 236/153/3 479/153/3
f 137/108/2 139/106/2 402/106/2
f 87/67/3 88/65/3 332/65/3
f 11/8/3 15/8/3 259/8/3
f 236/153/2 234/151/2 478/151/2
f 140/107/2 161/110/2 405/110/2
f 88/65/2 86/63/2 330/63/2
f 16/12/2 13/10/2 257/10/2
f 162/109/3 138/109/3 404/109/3
f 17/309/2 18/11/2 262/11/2
f 233/152/3 237/152/3 481/152/3
f 163/112/2 164/111/2 407/111/2
f 85/66/2 89/68/2 333/68/2
f 15/8/3 17/309/3 261/309/3
f 238/156/2 235/154/2 480/154/2
f 90/70/2 87/67/2 331/67/2
f 239/310/2 240/155/2 483/155/2
f 164/111/3 162/109/3 406/109/3
f 91/311/2 92/69/2 336/69/2
f 237/152/3 239/310/3 484/310/3
f 89/68/3 91/311/3 335/311/3
f 3/1/3 20/1/3 263/1/3
f 161/110/3 165/110/3 409/110/3
f 19/14/2 1/3/2 246/3/2
f 166/114/3 163/112/3 408/112/3
f 22/312/2 21/13/2 266/13/2
f 240/155/3 242/157/3 485/157/3
f 167/313/3 168/113/3 411/113/3
f 92/69/3 94/69/3 337/69/3
f 20/1/3 22/312/3 265/312/3
f 241/156/3 238/156/3 482/156/3
f 165/110/2 167/313/2 412/313/2
f 93/70/3 90/70/3 334/70/3
f 244/314/3 243/158/3 487/158/3
f 242/157/2 244/314/2 488/314/2
f 94/69/2 96/72/2 339/72/2
f 21/13/3 24/15/3 267/15/3
f 243/158/2 241/156/2 486/156/2
f 168/113/2 170/115/2 413/115/2
f 95/71/2 93/70/2 338/70/2
f 23/14/3 19/14/3 264/14/3
f 169/114/3 166/114/3 410/114/3
f 26/19/3 25/16/3 270/16/3
f 172/315/2 171/116/2 415/116/2
f 96/72/3 98/72/3 341/72/3
f 170/115/3 172/315/3 416/315/3
f 97/74/3 95/71/3 340/71/3
f 25/16/2 23/14/2 268/14/2
f 171/116/3 169/114/3 414/114/3
f 100/316/3 99/73/3 344/73/3
f 182/124/2 181/126/2 417/126/2
f 98/72/2 100/316/2 343/316/2
f 33/17/3 31/19/3 272/19/3
f 184/120/3 182/124/3 418/124/3
f 99/73/2 97/74/2 342/74/2
f 31/19/3 26/19/3 269/19/3
f 187/120/3 184/120/3 419/120/3
f 101/77/3 102/76/3 345/76/3
f 35/317/3 29/22/3 275/22/3
f 183/123/2 185/122/2 421/122/2
f 104/318/3 103/75/3 347/75/3
f 30/23/3 28/20/3 277/20/3
f 186/121/2 188/119/2 423/119/2
f 102/76/2 104/318/2 348/318/2
f 27/18/3 32/21/3 278/21/3
f 24/15/2 27/18/2 271/18/2
f 28/20/2 33/17/2 273/17/2
f 188/119/3 190/119/3 425/119/3
f 103/75/3 106/75/3 350/75/3
f 185/122/3 186/121/3 424/121/3
f 105/77/3 101/77/3 346/77/3
f 189/117/3 187/120/3 420/120/3
f 190/119/3 192/119/3 427/119/3
f 106/75/3 108/75/3 352/75/3
f 107/77/3 105/77/3 349/77/3
f 32/21/2 35/317/2 274/317/2
f 29/22/3 34/24/3 279/24/3
f 191/117/3 189/117/3 426/117/3
f 108/75/2 110/78/2 354/78/2
f 36/26/2 30/23/2 276/23/2
f 194/117/3 196/119/3 429/119/3
f 109/77/3 107/77/3 351/77/3
f 37/319/2 38/25/2 282/25/2
f 192/119/3 191/117/3 428/117/3
f 112/80/2 111/79/2 355/79/2
f 34/24/3 37/319/3 281/319/3
f 196/119/2 195/118/2 431/118/2
f 193/320/2 194/117/2 430/117/2
f 111/79/3 109/77/3 353/77/3
f 195/118/3 193/320/3 432/320/3
f 38/25/3 40/27/3 283/27/3
f 110/78/3 113/78/3 357/78/3
f 39/29/3 36/26/3 280/26/3
f 114/82/3 112/80/3 356/80/3
f 42/321/3 41/28/3 286/28/3
f 181/126/3 179/125/3 433/125/3
f 115/322/3 116/81/3 360/81/3
f 40/27/2 42/321/2 285/321/2
f 180/123/3 183/123/3 422/123/3
f 113/78/2 115/322/2 359/322/2
f 41/28/2 39/29/2 284/29/2
f 177/127/3 178/323/3 435/323/3
f 18/11/3 44/11/3 287/11/3
f 178/323/2 180/123/2 434/123/2
f 116/81/2 118/83/2 361/83/2
f 43/31/3 16/12/3 260/12/3
f 117/82/3 114/82/3 358/82/3
f 46/324/3 45/30/3 290/30/3
f 179/125/2 176/128/2 437/128/2
f 120/85/2 119/84/2 364/84/2
f 44/11/2 46/324/2 289/324/2
f 175/127/3 177/127/3 436/127/3
f 174/130/2 173/129/2 439/129/2
f 119/84/3 117/82/3 362/82/3
f 45/30/2 48/39/2 291/39/2
f 173/129/3 175/127/3 438/127/3
f 118/83/3 121/86/3 365/86/3
f 47/31/3 43/31/3 288/31/3
f 122/85/3 120/85/3 363/85/3
f 51/38/3 47/31/3 292/31/3
f 176/128/3 197/131/3 441/131/3
f 123/88/3 124/87/3 368/87/3
f 48/39/3 50/325/3 294/325/3
f 198/130/3 174/130/3 440/130/3
f 49/30/3 52/326/3 296/326/3
f 199/133/3 200/132/3 443/132/3
f 124/87/2 122/85/2 366/85/2
f 54/35/2 56/37/2 298/37/2
f 50/325/2 51/38/2 293/38/2
f 200/132/2 198/130/2 442/130/2
f 121/86/2 125/89/2 369/89/2
f 55/41/3 54/35/3 297/35/3
f 126/88/3 123/88/3 367/88/3
f 197/131/3 201/131/3 445/131/3
f 127/91/2 128/90/2 372/90/2
f 202/135/2 199/133/2 444/133/2
f 56/37/3 53/36/3 300/36/3
f 203/327/2 204/134/2 447/134/2
f 128/90/3 126/88/3 370/88/3
f 53/36/3 57/43/3 301/43/3
f 201/131/3 203/327/3 448/327/3
f 58/40/3 55/41/3 299/41/3
f 125/89/3 129/89/3 373/89/3
f 59/44/2 60/42/2 304/42/2
f 130/93/3 127/91/3 371/91/3
f 204/134/3 206/136/3 449/136/3
f 131/328/3 132/92/3 376/92/3
f 60/42/3 58/40/3 302/40/3
f 205/135/3 202/135/3 446/135/3
f 129/89/2 131/328/2 375/328/2
f 208/320/3 207/137/3 451/137/3
f 57/43/3 61/45/3 305/45/3
f 206/136/2 208/320/2 452/320/2
f 62/47/3 59/44/3 303/44/3
f 207/137/2 205/135/2 450/135/2
f 132/92/2 134/94/2 377/94/2
f 218/329/2 217/144/2 453/144/2
f 133/93/3 130/93/3 374/93/3
f 61/45/2 63/48/2 307/48/2
f 220/141/3 218/329/3 454/329/3
f 136/318/2 135/95/2 380/95/2
f 64/46/2 62/47/2 306/47/2
f 223/141/3 220/141/3 455/141/3
f 134/94/3 136/318/3 379/318/3
f 219/145/2 221/143/2 457/143/2
f 135/95/3 133/93/3 378/93/3
f 63/48/3 65/48/3 309/48/3
f 222/142/2 224/140/2 459/140/2
f 146/330/3 145/102/3 381/102/3
f 66/50/3 64/46/3 308/46/3
f 148/99/2 146/330/2 382/330/2
f 67/331/3 68/49/3 312/49/3
f 151/99/3 148/99/3 383/99/3
f 65/48/2 67/331/2 311/331/2
f 224/140/3 226/140/3 461/140/3
f 147/103/3 149/101/3 385/101/3
f 221/143/3 222/142/3 460/142/3
f 150/100/3 152/98/3 387/98/3
f 225/138/3 223/141/3 456/141/3
f 68/49/3 70/49/3 313/49/3
f 226/140/3 228/140/3 463/140/3
f 69/50/3 66/50/3 310/50/3
f 152/98/3 154/98/3 389/98/3
f 72/332/2 71/51/2 316/51/2
f 149/101/2 150/100/2 388/100/2
f 70/49/3 72/332/3 315/332/3
f 227/138/3 225/138/3 462/138/3
f 153/96/2 151/99/2 384/99/2
f 230/138/3 232/140/3 465/140/3
f 154/98/3 156/98/3 391/98/3
f 228/140/3 227/138/3 464/138/3
f 71/51/3 74/51/3 317/51/3
f 232/140/2 231/139/2 467/139/2
f 73/50/3 69/50/3 314/50/3
f 229/314/2 230/138/2 466/138/2
f 155/96/3 153/96/3 390/96/3
f 1/3/3 2/2/3 247/2/3
f 231/139/3 229/314/3 468/314/3
f 158/96/2 160/98/2 393/98/2
f 74/51/2 76/54/2 319/54/2
f 156/98/2 155/96/2 392/96/2
f 75/52/2 73/50/2 318/50/2
f 4/4/3 3/1/3 245/1/3
f 160/98/3 159/97/3 395/97/3
f 217/144/3 215/146/3 469/146/3
f 157/315/3 158/96/3 394/96/3
f 76/54/3 78/56/3 321/56/3
f 2/2/3 5/2/3 249/2/3
f 216/145/3 219/145/3 458/145/3
f 159/97/2 157/315/2 396/315/2
f 77/53/2 75/52/2 320/52/2
f 6/4/3 4/4/3 248/4/3
f 213/148/3 214/147/3 471/147/3
f 80/308/3 79/55/3 324/55/3
f 5/2/2 7/5/2 251/5/2
f 214/147/2 216/145/2 470/145/2
f 145/102/2 143/104/2 397/104/2
f 79/55/2 77/53/2 322/53/2
f 8/4/3 6/4/3 250/4/3
f 144/103/3 147/103/3 386/103/3
f 491/231/10 492/217/10 489/333/10
f 492/217/2 491/231/2 493/231/2
f 494/217/3 493/231/3 495/335/4
f 495/335/10 497/196/10 498/336/10
f 497/196/5 495/335/12 499/172/6
f 499/172/10 501/338/10 502/337/10
f 501/338/2 499/172/2 503/172/2
f 503/172/10 505/543/10 506/340/10
f 490/334/2 489/333/2 507/333/2
f 507/333/10 509/544/10 510/342/10
f 508/341/3 510/342/3 511/343/3
f 511/343/10 513/347/10 514/344/10
f 515/345/10 521/348/10 517/346/10
f 521/348/3 515/345/3 522/349/3
f 513/347/4 511/343/3 515/345/3
f 522/349/10 518/545/10 519/351/10
f 520/350/2 519/351/2 523/352/2
f 523/352/10 525/546/10 526/354/10
f 524/353/3 526/354/3 527/355/3
f 527/355/10 529/547/10 530/357/10
f 504/339/3 506/340/3 531/340/3
f 531/340/23 533/548/23 534/359/23
f 532/164/12 534/529/12 535/360/12
f 544/361/10 543/367/10 541/362/10
f 535/364/24 538/549/24 537/365/24
f 544/361/10 545/368/10 546/366/10
f 545/368/10 547/370/10 548/369/10
f 547/370/25 545/368/26 549/371/27
f 549/371/10 551/273/10 552/373/10
f 552/373/3 551/273/3 553/273/3
f 553/273/10 555/550/10 556/263/10
f 554/374/2 556/263/2 557/263/2
f 557/263/10 559/551/10 560/255/10
f 558/375/3 560/255/3 561/255/3
f 561/255/10 563/377/10 564/376/10
f 563/377/1 565/379/1 566/378/1
f 565/379/10 567/552/10 568/380/10
f 565/211/2 569/203/2 570/209/2
f 569/381/10 571/385/10 572/382/10
f 569/381/10 573/386/10 574/384/10
f 573/386/10 575/388/10 576/387/10
f 575/388/1 573/386/1 577/389/1
f 577/389/10 579/553/10 580/391/10
f 578/390/3 580/391/3 581/391/3
f 581/391/10 583/393/10 584/392/10
f 584/392/3 583/393/3 585/393/3
f 585/393/10 587/554/10 588/395/10
f 589/396/10 592/555/10 591/397/10
f 590/398/2 591/397/2 594/397/2
f 593/398/2 594/397/2 596/397/2
f 595/398/2 596/397/2 598/399/2
f 598/399/10 600/401/10 599/400/10
f 600/401/3 598/399/3 601/399/3
f 601/399/10 603/556/10 604/403/10
f 602/402/2 604/403/2 605/404/2
f 605/404/10 607/406/10 608/405/10
f 607/406/3 605/404/3 609/407/3
f 609/407/10 611/409/10 612/408/10
f 611/409/2 609/407/2 613/307/2
f 613/307/10 615/411/10 616/410/10
f 615/411/3 613/307/3 617/307/3
f 617/307/10 619/557/10 620/412/10
f 618/282/1 620/412/1 621/413/1
f 621/413/10 623/555/10 624/414/10
f 639/415/10 640/558/10 638/248/10
f 635/256/2 636/248/2 634/248/2
f 633/256/3 634/248/11 628/267/11
f 628/267/10 629/417/10 632/416/10
f 629/417/3 628/267/3 627/267/3
f 627/267/10 626/559/10 625/418/10
f 630/216/2 625/418/2 641/419/2
f 641/419/10 644/195/10 643/420/10
f 644/195/3 641/419/3 645/421/3
f 645/421/10 648/162/10 647/422/10
f 648/162/2 645/421/2 649/423/2
f 649/423/10 652/425/10 651/424/10
f 652/425/3 649/423/3 653/423/3
f 653/423/10 656/560/10 655/427/10
f 654/426/2 655/427/2 657/428/2
f 657/428/10 660/561/10 659/429/10
f 675/430/10 676/562/10 674/431/10
f 671/432/3 672/431/3 670/431/3
f 669/432/3 670/431/3 664/433/3
f 664/433/10 665/435/10 668/434/10
f 665/435/2 664/433/2 663/433/2
f 666/436/10 663/433/10 662/437/10
f 666/436/3 661/438/3 677/439/3
f 678/436/10 677/439/10 680/440/10
f 680/440/2 677/439/2 681/442/2
f 681/442/10 684/444/10 683/443/10
f 684/444/3 681/442/3 685/445/3
f 685/445/10 688/447/10 687/446/10
f 688/447/2 685/445/2 689/445/2
f 689/445/10 692/563/10 691/448/10
f 690/297/3 691/448/3 693/449/3
f 693/449/10 696/562/10 695/450/10
f 711/451/10 712/564/10 710/259/10
f 707/262/3 708/259/3 706/259/3
f 705/262/3 706/259/3 700/278/3
f 700/278/10 701/453/10 704/452/10
f 701/453/2 700/278/2 699/278/2
f 699/278/10 698/565/10 697/454/10
f 702/230/3 697/454/3 713/455/3
f 713/455/10 716/210/10 715/456/10
f 716/210/2 713/455/2 717/457/2
f 717/457/10 720/184/10 719/458/10
f 720/184/3 717/457/3 721/159/3
f 721/159/10 724/460/10 723/459/10
f 724/460/2 721/159/2 725/159/2
f 725/159/10 728/566/10 727/462/10
f 726/461/3 727/462/3 729/463/3
f 729/463/10 732/564/10 731/464/10
f 407/176/6 651/177/6 652/167/6
f 333/466/5 577/474/5 573/183/5
f 261/467/13 505/567/13 503/194/13
f 482/468/5 480/169/5 724/171/5
f 331/32/6 575/164/6 578/470/6
f 483/468/6 727/469/6 728/170/6
f 407/472/14 406/187/14 650/189/14
f 335/466/5 336/471/5 580/470/5
f 484/475/13 728/482/13 725/180/13
f 333/175/14 335/489/14 579/476/14
f 245/1/3 263/1/3 507/333/3
f 405/110/3 409/110/3 653/423/3
f 264/477/5 246/223/5 490/222/5
f 410/479/14 408/472/14 652/473/14
f 266/477/6 510/478/6 509/215/6
f 485/257/13 729/245/13 727/482/13
f 411/479/13 655/480/13 656/189/13
f 336/69/3 337/69/3 581/391/3
f 265/298/13 509/289/13 507/247/13
f 486/156/3 482/156/3 726/461/3
f 409/465/5 412/485/5 656/483/5
f 338/70/3 334/70/3 578/390/3
f 488/257/14 487/178/14 731/180/14
f 488/249/6 732/251/6 729/469/6
f 337/471/5 339/181/5 583/163/5
f 267/484/13 511/253/13 510/289/13
f 487/249/5 486/468/5 730/469/5
f 411/485/5 413/227/5 657/243/5
f 338/471/6 582/470/6 584/163/6
f 268/14/3 264/14/3 508/341/3
f 414/114/3 410/114/3 654/426/3
f 269/484/14 270/240/14 514/247/14
f 415/465/6 659/167/6 660/243/6
f 339/72/3 341/72/3 585/393/3
f 416/234/13 660/488/13 657/480/13
f 342/185/14 340/175/14 584/174/14
f 270/486/5 268/477/5 512/478/5
f 415/234/14 414/479/14 658/480/14
f 344/185/13 588/186/13 587/476/13
f 418/490/5 417/500/5 661/491/5
f 341/181/5 343/161/5 587/160/5
f 273/493/14 272/484/14 516/253/14
f 419/494/14 418/515/14 662/495/14
f 342/181/6 586/163/6 588/160/6
f 272/19/3 269/19/3 513/347/3
f 420/120/3 419/120/3 663/433/3
f 345/274/13 589/276/13 590/289/13
f 275/185/13 519/186/13 518/497/13
f 421/499/6 665/501/6 666/491/6
f 348/274/14 347/298/14 591/289/14
f 276/185/14 277/233/14 521/232/14
f 423/490/6 667/492/6 668/501/6
f 348/281/6 592/280/6 589/502/6
f 278/498/13 522/497/13 515/253/13
f 267/477/5 271/223/5 515/222/5
f 273/486/6 517/487/6 521/222/6
f 423/119/3 425/119/3 669/432/3
f 347/75/3 350/75/3 594/397/3
f 424/504/13 668/507/13 665/496/13
f 349/77/3 346/77/3 590/398/3
f 426/505/14 420/494/14 664/496/14
f 425/119/3 427/119/3 671/432/3
f 350/75/3 352/75/3 596/397/3
f 351/77/3 349/77/3 593/398/3
f 278/223/5 274/481/5 518/215/5
f 279/506/11 523/508/11 519/186/11
f 428/117/3 426/117/3 670/431/3
f 354/161/6 598/160/6 596/280/6
f 280/161/5 276/223/5 520/222/5
f 429/504/13 673/507/13 674/295/13
f 353/77/3 351/77/3 595/398/3
f 282/161/6 526/160/6 525/215/6
f 427/504/14 428/505/14 672/295/14
f 356/161/5 355/503/5 599/502/5
f 281/173/13 525/197/13 523/508/13
f 431/285/6 675/287/6 673/492/6
f 432/285/5 430/490/5 674/492/5
f 353/298/13 597/289/13 599/247/13
f 431/504/14 432/293/14 676/295/14
f 283/509/13 527/514/13 526/197/13
f 354/78/3 357/78/3 601/399/3
f 280/506/14 524/508/14 528/510/14
f 356/240/13 600/247/13 602/512/13
f 285/509/14 286/511/14 530/510/14
f 417/515/14 433/517/14 677/516/14
f 359/298/14 360/513/14 604/512/14
f 285/181/6 529/163/6 527/160/6
f 434/123/3 422/123/3 666/436/3
f 359/181/6 603/163/6 601/160/6
f 286/181/5 284/161/5 528/160/5
f 435/494/13 679/496/13 680/516/13
f 262/11/3 287/11/3 531/340/3
f 434/500/6 678/491/6 679/518/6
f 361/520/6 605/524/6 604/163/6
f 260/192/13 504/194/13 532/201/13
f 362/82/3 358/82/3 602/402/3
f 289/521/14 290/202/14 534/201/14
f 437/523/6 681/526/6 677/491/6
f 363/520/5 364/161/5 608/160/5
f 287/32/6 289/568/6 533/525/6
f 438/127/3 436/127/3 680/440/3
f 440/523/5 439/519/5 683/518/5
f 362/513/13 606/512/13 608/527/13
f 291/33/6 535/360/6 534/529/6
f 438/517/13 682/516/13 683/530/13
f 365/300/13 609/299/13 605/512/13
f 292/31/3 288/31/3 532/358/3
f 366/85/3 363/85/3 607/406/3
f 292/202/13 536/201/13 537/193/13
f 441/532/13 685/294/13 681/516/13
f 367/300/14 368/528/14 612/527/14
f 291/533/14 294/207/14 538/193/14
f 442/130/3 440/130/3 684/444/3
f 296/535/14 540/569/14 539/201/14
f 444/532/14 443/531/14 687/536/14
f 368/537/5 366/520/5 610/524/5
f 297/304/5 298/306/5 542/305/5
f 294/58/5 293/32/5 537/164/5
f 443/540/5 442/523/5 686/526/5
f 365/520/5 369/279/5 613/296/5
f 299/240/14 297/207/14 541/193/14
f 370/88/3 367/88/3 611/409/3
f 441/131/3 445/131/3 689/445/3
f 372/537/6 616/538/6 615/296/6
f 446/290/5 444/540/5 688/541/5
f 300/240/13 544/247/13 542/193/13
f 447/290/6 691/286/6 692/526/6
f 372/542/14 370/300/14 614/299/14
f 301/292/20 545/291/20 544/247/20
f 448/302/13 692/301/13 689/294/13
f 299/240/14 543/247/14 546/291/14
f 754/96/1 755/97/1 756/98/1
f 752/98/2 749/96/2 751/96/2
f 750/98/2 747/99/2 749/96/2
f 746/100/1 747/99/1 748/98/1
f 745/101/3 744/99/3 747/99/3
f 741/102/1 744/99/1 743/103/1
f 743/103/2 739/570/2 741/102/2
f 738/105/1 739/104/1 740/103/1
f 737/106/3 736/571/3 739/104/3
f 733/108/1 736/107/1 735/106/1
f 734/109/2 757/572/2 736/107/2
f 760/111/1 757/110/1 758/109/1
f 759/112/3 761/110/3 757/110/3
f 764/113/1 761/110/1 762/114/1
f 762/114/11 766/573/3 764/113/11
f 767/116/1 766/115/1 765/114/1
f 790/138/1 791/139/1 792/140/1
f 788/140/3 785/138/3 787/138/3
f 786/140/3 783/141/3 785/138/3
f 782/142/1 783/141/1 784/140/1
f 781/143/2 780/141/2 783/141/2
f 777/144/1 780/141/1 779/145/1
f 779/145/8 775/574/9 777/144/12
f 774/147/1 775/146/1 776/145/1
f 773/148/2 772/575/2 775/146/2
f 769/150/1 772/149/1 771/148/1
f 770/151/3 793/576/3 772/149/3
f 796/153/1 793/152/1 794/151/1
f 795/154/2 797/152/2 793/152/2
f 800/155/1 797/152/1 798/156/1
f 798/156/3 802/157/3 800/155/3
f 803/158/1 802/157/1 801/156/1
f 865/178/3 941/180/3 937/180/3
f 830/187/3 900/189/3 902/189/3
f 825/166/5 901/167/5 897/168/5
f 867/169/5 938/170/5 939/171/5
f 827/176/5 898/168/5 899/177/5
f 868/178/14 939/179/14 940/180/14
f 866/205/3 936/170/3 938/170/3
f 828/187/14 899/188/14 900/189/14
f 865/178/13 933/190/13 861/191/13
f 826/166/3 896/168/3 898/168/3
f 825/187/13 893/198/13 821/199/13
f 862/191/13 935/179/13 863/200/13
f 822/199/13 895/188/13 823/204/13
f 864/205/5 935/206/5 936/170/5
f 862/191/3 932/190/3 934/190/3
f 824/166/5 895/212/5 896/168/5
f 861/205/6 929/213/6 857/214/6
f 822/199/3 882/198/3 894/198/3
f 821/166/6 877/219/6 805/220/6
f 858/214/6 931/206/6 859/221/6
f 859/225/13 932/190/13 860/191/13
f 820/227/6 891/228/6 819/229/6
f 858/214/3 918/213/3 930/213/3
f 820/234/14 890/235/14 892/236/14
f 841/237/14 929/190/14 913/238/14
f 819/234/13 889/235/13 817/239/13
f 816/227/6 887/228/6 815/229/6
f 818/227/5 889/228/5 890/243/5
f 855/244/14 928/245/14 927/246/14
f 816/227/3 886/243/3 888/243/3
f 856/249/5 926/250/5 928/251/5
f 855/249/6 925/250/6 853/254/6
f 851/244/14 924/245/14 923/246/14
f 813/98/3 887/256/3 885/256/3
f 853/244/13 926/245/13 854/257/13
f 808/258/6 886/243/6 814/227/6
f 852/257/3 922/245/3 924/245/3
f 809/258/5 884/228/5 881/212/5
f 811/239/3 885/235/3 883/235/3
f 849/140/3 923/262/3 921/262/3
f 850/257/14 916/264/14 922/245/14
f 811/239/13 884/265/13 812/266/13
f 848/244/13 917/264/13 845/225/13
f 809/266/13 882/198/13 810/199/13
f 847/254/3 921/250/3 919/250/3
f 808/258/3 879/212/3 880/212/3
f 806/220/6 879/212/6 807/258/6
f 806/239/14 877/198/14 878/235/14
f 847/254/6 920/271/6 848/272/6
f 845/272/6 918/213/6 846/214/6
f 844/225/3 915/264/3 916/264/3
f 843/225/14 914/238/14 915/264/14
f 842/254/5 913/213/5 914/250/5
f 775/214/2 861/205/2 857/214/2
f 737/166/2 823/258/2 824/166/2
f 771/148/3 860/148/3 862/148/3
f 770/205/2 863/221/2 864/205/2
f 738/204/3 822/199/3 823/204/3
f 769/200/3 862/191/3 863/200/3
f 739/199/3 825/187/3 821/199/3
f 735/106/3 824/106/3 826/106/3
f 772/191/3 865/178/3 861/191/3
f 734/187/3 827/204/3 828/187/3
f 794/151/3 864/151/3 866/151/3
f 795/178/3 867/200/3 868/178/3
f 733/176/2 826/166/2 827/176/2
f 796/169/2 866/205/2 867/169/2
f 736/166/2 829/465/2 825/166/2
f 758/109/3 828/109/3 830/109/3
f 793/152/3 869/152/3 865/152/3
f 759/465/2 831/176/2 832/465/2
f 798/468/2 868/169/2 870/468/2
f 799/205/2 871/468/2 872/205/2
f 760/472/3 830/187/3 831/472/3
f 797/178/3 872/475/3 869/178/3
f 757/110/3 833/110/3 829/110/3
f 762/479/3 832/472/3 834/479/3
f 800/475/3 873/257/3 871/475/3
f 763/187/3 835/479/3 836/187/3
f 801/156/3 870/156/3 874/156/3
f 761/465/2 836/485/2 833/465/2
f 804/257/3 875/178/3 876/257/3
f 802/468/2 876/249/2 873/468/2
f 803/249/2 874/468/2 875/249/2
f 764/485/2 837/227/2 835/485/2
f 765/114/3 834/114/3 838/114/3
f 768/227/2 839/465/2 840/227/2
f 766/479/3 840/234/3 837/479/3
f 767/234/3 838/479/3 839/234/3
f 778/254/2 841/214/2 842/254/2
f 780/225/3 842/237/3 843/225/3
f 783/141/3 843/141/3 844/141/3
f 779/214/2 845/272/2 846/214/2
f 782/272/2 847/254/2 848/272/2
f 742/239/3 805/199/3 806/239/3
f 744/258/2 806/220/2 807/258/2
f 747/99/3 807/99/3 808/99/3
f 784/140/3 849/140/3 847/140/3
f 743/199/3 809/266/3 810/199/3
f 781/225/3 848/244/3 845/225/3
f 746/266/3 811/239/3 812/266/3
f 785/257/3 844/225/3 850/257/3
f 786/140/3 851/140/3 849/140/3
f 748/98/3 813/98/3 811/98/3
f 745/258/2 812/229/2 809/258/2
f 787/138/3 850/138/3 852/138/3
f 749/227/2 808/258/2 814/227/2
f 790/257/3 853/244/3 854/257/3
f 750/98/3 815/98/3 813/98/3
f 788/244/3 852/257/3 851/244/3
f 792/254/2 855/249/2 853/254/2
f 789/249/2 854/254/2 856/249/2
f 751/96/3 814/96/3 816/96/3
f 791/244/3 856/257/3 855/244/3
f 754/227/2 817/229/2 818/227/2
f 752/229/2 816/227/2 815/229/2
f 756/239/3 819/234/3 817/239/3
f 777/237/3 857/191/3 841/237/3
f 753/234/3 818/239/3 820/234/3
f 776/145/3 846/145/3 858/145/3
f 755/229/2 820/227/2 819/229/2
f 773/191/3 859/225/3 860/191/3
f 774/221/2 858/214/2 859/221/2
f 741/220/2 821/166/2 805/220/2
f 740/103/3 810/103/3 822/103/3
f 891/415/10 890/248/10 889/256/10
f 887/256/2 886/248/2 885/256/2
f 885/256/2 880/267/2 883/256/2
f 880/267/10 884/416/10 883/256/10
f 881/417/3 879/267/3 882/216/3
f 879/267/10 877/418/10 882/216/10
f 882/216/2 893/419/2 894/216/2
f 893/419/10 895/420/10 894/216/10
f 896/195/3 897/421/3 898/195/3
f 897/421/10 899/422/10 898/195/10
f 900/162/2 901/423/2 902/162/2
f 901/423/10 903/424/10 902/162/10
f 904/425/3 905/423/3 906/426/3
f 905/423/10 907/427/10 906/426/10
f 906/426/2 909/428/2 910/426/2
f 909/428/10 911/429/10 910/426/10
f 927/451/10 926/259/10 925/262/10
f 923/262/3 922/259/3 921/262/3
f 921/262/3 916/278/3 919/262/3
f 916/278/10 920/452/10 919/262/10
f 917/453/2 915/278/2 918/230/2
f 915/278/10 913/454/10 918/230/10
f 918/230/3 929/455/3 930/230/3
f 929/455/10 931/456/10 930/230/10
f 932/210/2 933/457/2 934/210/2
f 933/457/10 935/458/10 934/210/10
f 936/184/3 937/159/3 938/184/3
f 937/159/10 939/459/10 938/184/10
f 940/460/2 941/159/2 942/461/2
f 941/159/10 943/462/10 942/461/10
f 942/461/3 945/463/3 946/461/3
f 945/463/10 947/464/10 946/461/10
f 831/176/6 904/167/6 832/465/6
f 870/468/5 940/171/5 942/469/5
f 871/468/6 944/170/6 872/205/6
f 831/472/14 902/189/14 903/473/14
f 872/475/13 941/180/13 869/178/13
f 829/465/3 905/167/3 901/167/3
f 834/479/14 904/473/14 906/480/14
f 873/257/13 943/482/13 871/475/13
f 835/479/13 908/189/13 836/187/13
f 874/468/3 942/469/3 946/469/3
f 833/465/5 908/483/5 905/167/5
f 876/257/14 947/180/14 948/245/14
f 876/249/6 945/469/6 873/468/6
f 875/249/5 946/469/5 947/251/5
f 835/485/5 909/243/5 907/483/5
f 838/479/3 906/480/3 910/480/3
f 839/465/6 912/243/6 840/227/6
f 840/234/13 909/480/13 837/479/13
f 839/234/14 910/480/14 911/488/14
f 754/96/1 753/315/1 755/97/1
f 752/98/2 750/98/2 749/96/2
f 750/98/2 748/98/2 747/99/2
f 746/100/1 745/101/1 747/99/1
f 745/577/3 743/103/3 744/99/3
f 741/102/1 742/330/1 744/99/1
f 743/103/2 740/103/2 739/104/2
f 738/105/1 737/106/1 739/104/1
f 737/106/3 735/106/3 736/107/3
f 733/108/1 734/109/1 736/107/1
f 734/109/2 758/109/2 757/110/2
f 760/111/1 759/112/1 757/110/1
f 759/578/3 762/114/3 761/110/3
f 764/113/1 763/313/1 761/110/1
f 762/114/2 765/114/2 766/115/2
f 767/116/1 768/315/1 766/115/1
f 790/138/1 789/314/1 791/139/1
f 788/140/3 786/140/3 785/138/3
f 786/140/3 784/140/3 783/141/3
f 782/142/1 781/143/1 783/141/1
f 781/579/3 779/145/3 780/141/11
f 777/144/1 778/329/1 780/141/1
f 779/145/3 776/145/3 775/146/3
f 774/147/1 773/148/1 775/146/1
f 773/148/2 771/148/2 772/149/2
f 769/150/1 770/151/1 772/149/1
f 770/151/3 794/151/3 793/152/3
f 796/153/1 795/154/1 793/152/1
f 795/154/2 798/156/2 797/152/2
f 800/155/1 799/310/1 797/152/1
f 798/156/3 801/156/3 802/157/3
f 803/158/1 804/314/1 802/157/1
f 865/178/3 869/178/3 941/180/3
f 830/187/3 828/187/3 900/189/3
f 825/166/5 829/465/5 901/167/5
f 867/169/5 866/205/5 938/170/5
f 827/176/5 826/166/5 898/168/5
f 868/178/14 867/200/14 939/179/14
f 866/205/3 864/205/3 936/170/3
f 828/187/14 827/204/14 899/188/14
f 865/178/13 937/180/13 933/190/13
f 826/166/3 824/166/3 896/168/3
f 825/187/13 897/189/13 893/198/13
f 862/191/13 934/190/13 935/179/13
f 822/199/13 894/198/13 895/188/13
f 864/205/5 863/221/5 935/206/5
f 862/191/3 860/191/3 932/190/3
f 824/166/5 823/258/5 895/212/5
f 861/205/6 933/170/6 929/213/6
f 822/199/3 810/199/3 882/198/3
f 821/166/6 893/168/6 877/219/6
f 858/214/6 930/213/6 931/206/6
f 859/225/13 931/264/13 932/190/13
f 820/227/6 892/243/6 891/228/6
f 858/214/3 846/214/3 918/213/3
f 820/234/14 818/239/14 890/235/14
f 841/237/14 857/191/14 929/190/14
f 819/234/13 891/236/13 889/235/13
f 816/227/6 888/243/6 887/228/6
f 818/227/5 817/229/5 889/228/5
f 855/244/14 856/257/14 928/245/14
f 816/227/3 814/227/3 886/243/3
f 856/249/5 854/254/5 926/250/5
f 855/249/6 927/251/6 925/250/6
f 851/244/14 852/257/14 924/245/14
f 813/229/3 815/229/3 887/228/3
f 853/244/13 925/246/13 926/245/13
f 808/258/6 880/212/6 886/243/6
f 852/257/3 850/257/3 922/245/3
f 809/258/5 812/229/5 884/228/5
f 811/98/3 813/98/3 885/256/3
f 849/244/3 851/244/3 923/246/3
f 850/257/14 844/225/14 916/264/14
f 811/239/13 883/235/13 884/265/13
f 848/244/13 920/246/13 917/264/13
f 809/266/13 881/265/13 882/198/13
f 847/140/3 849/140/3 921/262/3
f 808/258/3 807/258/3 879/212/3
f 806/220/6 878/219/6 879/212/6
f 806/239/14 805/199/14 877/198/14
f 847/254/6 919/250/6 920/271/6
f 845/272/6 917/271/6 918/213/6
f 844/225/3 843/225/3 915/264/3
f 843/225/14 842/237/14 914/238/14
f 842/254/5 841/214/5 913/213/5
f 775/146/2 772/149/2 861/149/2
f 737/106/2 738/105/2 823/105/2
f 771/148/3 773/148/3 860/148/3
f 770/151/2 769/150/2 863/150/2
f 738/105/3 740/103/3 822/103/3
f 769/150/3 771/148/3 862/148/3
f 739/104/3 736/107/3 825/107/3
f 735/106/3 737/106/3 824/106/3
f 772/149/3 793/152/3 865/152/3
f 734/109/3 733/108/3 827/108/3
f 794/151/3 770/151/3 864/151/3
f 795/154/3 796/153/3 867/153/3
f 733/108/2 735/106/2 826/106/2
f 796/153/2 794/151/2 866/151/2
f 736/107/2 757/110/2 829/110/2
f 758/109/3 734/109/3 828/109/3
f 793/152/3 797/152/3 869/152/3
f 759/112/2 760/111/2 831/111/2
f 798/156/2 795/154/2 868/154/2
f 799/310/2 800/155/2 871/155/2
f 760/111/3 758/109/3 830/109/3
f 797/152/3 799/310/3 872/310/3
f 757/110/3 761/110/3 833/110/3
f 762/114/3 759/112/3 832/112/3
f 800/155/3 802/157/3 873/157/3
f 763/313/3 764/113/3 835/113/3
f 801/156/3 798/156/3 870/156/3
f 761/110/2 763/313/2 836/313/2
f 804/314/3 803/158/3 875/158/3
f 802/157/2 804/314/2 876/314/2
f 803/158/2 801/156/2 874/156/2
f 764/113/2 766/115/2 837/115/2
f 765/114/3 762/114/3 834/114/3
f 768/315/2 767/116/2 839/116/2
f 766/115/3 768/315/3 840/315/3
f 767/116/3 765/114/3 838/114/3
f 778/329/2 777/144/2 841/144/2
f 780/141/3 778/329/3 842/329/3
f 783/141/3 780/141/3 843/141/3
f 779/145/2 781/143/2 845/143/2
f 782/142/2 784/140/2 847/140/2
f 742/330/3 741/102/3 805/102/3
f 744/99/2 742/330/2 806/330/2
f 747/99/3 744/99/3 807/99/3
f 784/140/3 786/140/3 849/140/3
f 743/103/3 745/101/3 809/101/3
f 781/143/3 782/142/3 848/142/3
f 746/100/3 748/98/3 811/98/3
f 785/138/3 783/141/3 844/141/3
f 786/140/3 788/140/3 851/140/3
f 748/98/3 750/98/3 813/98/3
f 745/101/2 746/100/2 812/100/2
f 787/138/3 785/138/3 850/138/3
f 749/96/2 747/99/2 808/99/2
f 790/138/3 792/140/3 853/140/3
f 750/98/3 752/98/3 815/98/3
f 788/140/3 787/138/3 852/138/3
f 792/140/2 791/139/2 855/139/2
f 789/314/2 790/138/2 854/138/2
f 751/96/3 749/96/3 814/96/3
f 791/139/3 789/314/3 856/314/3
f 754/96/2 756/98/2 817/98/2
f 752/98/2 751/96/2 816/96/2
f 756/98/3 755/97/3 819/97/3
f 777/144/3 775/146/3 857/146/3
f 753/315/3 754/96/3 818/96/3
f 776/145/3 779/145/3 846/145/3
f 755/97/2 753/315/2 820/315/2
f 773/148/3 774/147/3 859/147/3
f 774/147/2 776/145/2 858/145/2
f 741/102/2 739/104/2 821/104/2
f 740/103/3 743/103/3 810/103/3
f 891/415/10 892/558/10 890/248/10
f 887/228/2 888/243/2 886/243/2
f 885/580/3 886/243/11 880/212/11
f 880/267/10 881/417/10 884/416/10
f 881/417/3 880/267/3 879/267/3
f 879/267/10 878/559/10 877/418/10
f 882/216/2 877/418/2 893/581/2
f 893/419/10 896/195/10 895/420/10
f 896/195/3 893/419/3 897/582/3
f 897/421/10 900/162/10 899/422/10
f 900/162/2 897/421/2 901/583/2
f 901/423/10 904/425/10 903/424/10
f 904/425/3 901/423/3 905/423/3
f 905/423/10 908/560/10 907/427/10
f 906/426/2 907/427/2 909/584/2
f 909/428/10 912/561/10 911/429/10
f 927/451/10 928/564/10 926/259/10
f 923/246/3 924/245/3 922/245/3
f 921/585/3 922/245/3 916/264/3
f 916/278/10 917/453/10 920/452/10
f 917/453/2 916/278/2 915/278/2
f 915/278/10 914/565/10 913/454/10
f 918/230/3 913/454/3 929/586/3
f 929/455/10 932/210/10 931/456/10
f 932/210/2 929/455/2 933/587/2
f 933/457/10 936/184/10 935/458/10
f 936/184/3 933/457/3 937/588/3
f 937/159/10 940/460/10 939/459/10
f 940/460/2 937/159/2 941/159/2
f 941/159/10 944/566/10 943/462/10
f 942/461/3 943/462/3 945/589/3
f 945/463/10 948/564/10 947/464/10
f 831/176/6 903/177/6 904/167/6
f 870/468/5 868/169/5 940/171/5
f 871/468/6 943/469/6 944/170/6
f 831/472/14 830/187/14 902/189/14
f 872/475/13 944/482/13 941/180/13
f 829/465/3 833/465/3 905/167/3
f 834/479/14 832/472/14 904/473/14
f 873/257/13 945/245/13 943/482/13
f 835/479/13 907/480/13 908/189/13
f 874/468/3 870/468/3 942/469/3
f 833/465/5 836/485/5 908/483/5
f 876/257/14 875/178/14 947/180/14
f 876/249/6 948/251/6 945/469/6
f 875/249/5 874/468/5 946/469/5
f 835/485/5 837/227/5 909/243/5
f 838/479/3 834/479/3 906/480/3
f 839/465/6 911/167/6 912/243/6
f 840/234/13 912/488/13 909/480/13
f 839/234/14 838/479/14 910/480/14
f 951/75/1 950/76/1 949/77/1
f 949/77/2 954/75/2 951/75/2
f 953/77/2 956/75/2 954/75/2
f 958/82/2 961/590/2 959/81/2
f 962/84/1 961/83/1 960/82/1
f 963/85/3 964/591/3 961/83/3
f 967/87/1 964/86/1 965/85/1
f 969/93/2 972/592/2 970/92/2
f 973/95/1 972/94/1 971/93/1
f 1000/274/14 1024/275/14 1026/276/14
f 999/274/13 1023/275/13 997/277/13
f 1000/279/6 1025/280/6 999/281/6
f 998/277/3 1021/275/3 1024/275/3
f 996/283/5 1023/280/5 1022/284/5
f 949/298/3 975/274/3 976/298/3
f 952/274/3 977/298/3 978/274/3
f 950/503/2 978/281/2 975/503/2
f 951/75/3 980/75/3 977/75/3
f 953/77/3 976/77/3 979/77/3
f 954/75/3 982/75/3 980/75/3
f 955/77/3 979/77/3 981/77/3
f 957/77/3 981/77/3 983/77/3
f 959/181/2 986/520/2 985/181/2
f 960/82/3 984/82/3 987/82/3
f 963/520/2 989/161/2 988/520/2
f 962/528/3 987/513/3 989/528/3
f 961/513/3 990/300/3 986/513/3
f 965/85/3 988/85/3 991/85/3
f 966/300/3 993/528/3 992/300/3
f 967/537/2 991/520/2 993/537/2
f 968/88/3 992/88/3 994/88/3
f 970/283/2 997/281/2 996/283/2
f 971/93/3 995/93/3 998/93/3
f 974/281/2 1000/279/2 999/281/2
f 972/277/3 999/274/3 997/277/3
f 973/274/3 998/277/3 1000/274/3
f 1001/396/10 1003/397/10 1002/398/10
f 1002/398/2 1006/397/2 1005/398/2
f 1005/398/2 1008/397/2 1007/398/2
f 1010/402/2 1012/404/2 1013/402/2
f 1012/404/10 1015/405/10 1013/402/10
f 1014/406/3 1016/407/3 1017/406/3
f 1016/407/10 1019/408/10 1017/406/10
f 1021/282/2 1023/413/2 1024/282/2
f 1023/413/10 1026/414/10 1024/282/10
f 975/274/13 1002/289/13 976/298/13
f 978/274/14 1003/289/14 1004/276/14
f 978/281/6 1001/502/6 975/503/6
f 977/298/3 1006/289/3 1003/289/3
f 979/77/3 1002/398/3 1005/398/3
f 980/75/3 1008/397/3 1006/397/3
f 981/77/3 1005/398/3 1007/398/3
f 983/298/3 1007/289/3 1009/289/3
f 986/520/6 1011/163/6 985/181/6
f 987/513/3 1010/512/3 1013/512/3
f 988/520/5 1015/160/5 1014/524/5
f 987/513/13 1015/527/13 989/528/13
f 990/300/13 1012/512/13 986/513/13
f 991/520/3 1014/524/3 1017/524/3
f 992/300/14 1019/527/14 1018/299/14
f 993/537/5 1017/524/5 1019/538/5
f 994/300/3 1018/299/3 1020/299/3
f 951/75/1 952/318/1 950/76/1
f 949/77/2 953/77/2 954/75/2
f 953/77/2 955/77/2 956/75/2
f 958/82/2 960/82/2 961/83/2
f 962/84/1 963/85/1 961/83/1
f 963/85/3 965/85/3 964/86/3
f 967/87/1 966/88/1 964/86/1
f 969/93/2 971/93/2 972/94/2
f 973/95/1 974/318/1 972/94/1
f 1000/274/14 998/277/14 1024/275/14
f 999/274/13 1025/276/13 1023/275/13
f 1000/279/6 1026/296/6 1025/280/6
f 998/277/3 995/277/3 1021/275/3
f 996/283/5 997/281/5 1023/280/5
f 949/77/3 950/76/3 975/76/3
f 952/318/3 951/75/3 977/75/3
f 950/76/2 952/318/2 978/318/2
f 951/75/3 954/75/3 980/75/3
f 953/77/3 949/77/3 976/77/3
f 954/75/3 956/75/3 982/75/3
f 955/77/3 953/77/3 979/77/3
f 957/77/3 955/77/3 981/77/3
f 959/81/2 961/83/2 986/83/2
f 960/82/3 958/82/3 984/82/3
f 963/85/2 962/84/2 989/84/2
f 962/84/3 960/82/3 987/82/3
f 961/83/3 964/86/3 990/86/3
f 965/85/3 963/85/3 988/85/3
f 966/88/3 967/87/3 993/87/3
f 967/87/2 965/85/2 991/85/2
f 968/88/3 966/88/3 992/88/3
f 970/92/2 972/94/2 997/94/2
f 971/93/3 969/93/3 995/93/3
f 974/318/2 973/95/2 1000/95/2
f 972/94/3 974/318/3 999/318/3
f 973/95/3 971/93/3 998/93/3
f 1001/396/10 1004/555/10 1003/397/10
f 1002/398/2 1003/397/2 1006/397/2
f 1005/398/2 1006/397/2 1008/397/2
f 1010/402/2 1011/403/2 1012/593/2
f 1012/404/10 1014/406/10 1015/405/10
f 1014/406/3 1012/404/3 1016/594/3
f 1016/407/10 1018/409/10 1019/408/10
f 1021/282/2 1022/412/2 1023/595/2
f 1023/413/10 1025/555/10 1026/414/10
f 975/274/13 1001/276/13 1002/289/13
f 978/274/14 977/298/14 1003/289/14
f 978/281/6 1004/280/6 1001/502/6
f 977/75/3 980/75/3 1006/397/3
f 979/298/3 976/298/3 1002/289/3
f 980/281/3 982/281/3 1008/280/3
f 981/77/3 979/77/3 1005/398/3
f 983/77/3 981/77/3 1007/398/3
f 986/520/6 1012/524/6 1011/163/6
f 987/513/3 984/513/3 1010/512/3
f 988/520/5 989/161/5 1015/160/5
f 987/513/13 1013/512/13 1015/527/13
f 990/300/13 1016/299/13 1012/512/13
f 991/520/3 988/520/3 1014/524/3
f 992/300/14 993/528/14 1019/527/14
f 993/537/5 991/520/5 1017/524/5
f 994/300/3 992/300/3 1018/299/3
f 1029/75/1 1028/76/1 1027/77/1
f 1027/77/2 1032/75/2 1029/75/2
f 1031/77/2 1034/75/2 1032/75/2
f 1036/82/2 1039/590/2 1037/81/2
f 1040/84/1 1039/83/1 1038/82/1
f 1041/85/3 1042/591/3 1039/83/3
f 1045/87/1 1042/86/1 1043/85/1
f 1047/93/2 1050/592/2 1048/92/2
f 1051/95/1 1050/94/1 1049/93/1
f 1078/274/14 1102/275/14 1104/276/14
f 1077/274/13 1101/275/13 1075/277/13
f 1078/279/6 1103/280/6 1077/281/6
f 1076/277/3 1099/275/3 1102/275/3
f 1074/283/5 1101/280/5 1100/284/5
f 1027/298/3 1053/274/3 1054/298/3
f 1030/274/3 1055/298/3 1056/274/3
f 1028/503/2 1056/281/2 1053/503/2
f 1029/75/3 1058/75/3 1055/75/3
f 1031/77/3 1054/77/3 1057/77/3
f 1032/75/3 1060/75/3 1058/75/3
f 1033/77/3 1057/77/3 1059/77/3
f 1035/77/3 1059/77/3 1061/77/3
f 1037/181/2 1064/520/2 1063/181/2
f 1038/82/3 1062/82/3 1065/82/3
f 1041/520/2 1067/161/2 1066/520/2
f 1040/528/3 1065/513/3 1067/528/3
f 1039/513/3 1068/300/3 1064/513/3
f 1043/85/3 1066/85/3 1069/85/3
f 1044/300/3 1071/528/3 1070/300/3
f 1045/537/2 1069/520/2 1071/537/2
f 1046/88/3 1070/88/3 1072/88/3
f 1048/283/2 1075/281/2 1074/283/2
f 1049/93/3 1073/93/3 1076/93/3
f 1052/281/2 1078/279/2 1077/281/2
f 1050/277/3 1077/274/3 1075/277/3
f 1051/274/3 1076/277/3 1078/274/3
f 1079/396/10 1081/397/10 1080/398/10
f 1080/398/2 1084/397/2 1083/398/2
f 1083/398/2 1086/397/2 1085/398/2
f 1088/402/2 1090/404/2 1091/402/2
f 1090/404/10 1093/405/10 1091/402/10
f 1092/406/3 1094/407/3 1095/406/3
f 1094/407/10 1097/408/10 1095/406/10
f 1099/282/2 1101/413/2 1102/282/2
f 1101/413/10 1104/414/10 1102/282/10
f 1053/274/13 1080/289/13 1054/298/13
f 1056/274/14 1081/289/14 1082/276/14
f 1056/281/6 1079/502/6 1053/503/6
f 1055/298/3 1084/289/3 1081/289/3
f 1057/77/3 1080/398/3 1083/398/3
f 1058/75/3 1086/397/3 1084/397/3
f 1059/77/3 1083/398/3 1085/398/3
f 1061/298/3 1085/289/3 1087/289/3
f 1064/520/6 1089/163/6 1063/181/6
f 1065/513/3 1088/512/3 1091/512/3
f 1066/520/5 1093/160/5 1092/524/5
f 1065/513/13 1093/527/13 1067/528/13
f 1068/300/13 1090/512/13 1064/513/13
f 1069/520/3 1092/524/3 1095/524/3
f 1070/300/14 1097/527/14 1096/299/14
f 1071/537/5 1095/524/5 1097/538/5
f 1072/300/3 1096/299/3 1098/299/3
f 1029/75/1 1030/318/1 1028/76/1
f 1027/77/2 1031/77/2 1032/75/2
f 1031/77/2 1033/77/2 1034/75/2
f 1036/82/2 1038/82/2 1039/83/2
f 1040/84/1 1041/85/1 1039/83/1
f 1041/85/3 1043/85/3 1042/86/3
f 1045/87/1 1044/88/1 1042/86/1
f 1047/93/2 1049/93/2 1050/94/2
f 1051/95/1 1052/318/1 1050/94/1
f 1078/274/14 1076/277/14 1102/275/14
f 1077/274/13 1103/276/13 1101/275/13
f 1078/279/6 1104/296/6 1103/280/6
f 1076/277/3 1073/277/3 1099/275/3
f 1074/283/5 1075/281/5 1101/280/5
f 1027/77/3 1028/76/3 1053/76/3
f 1030/318/3 1029/75/3 1055/75/3
f 1028/76/2 1030/318/2 1056/318/2
f 1029/75/3 1032/75/3 1058/75/3
f 1031/77/3 1027/77/3 1054/77/3
f 1032/75/3 1034/75/3 1060/75/3
f 1033/77/3 1031/77/3 1057/77/3
f 1035/77/3 1033/77/3 1059/77/3
f 1037/81/2 1039/83/2 1064/83/2
f 1038/82/3 1036/82/3 1062/82/3
f 1041/85/2 1040/84/2 1067/84/2
f 1040/84/3 1038/82/3 1065/82/3
f 1039/83/3 1042/86/3 1068/86/3
f 1043/85/3 1041/85/3 1066/85/3
f 1044/88/3 1045/87/3 1071/87/3
f 1045/87/2 1043/85/2 1069/85/2
f 1046/88/3 1044/88/3 1070/88/3
f 1048/92/2 1050/94/2 1075/94/2
f 1049/93/3 1047/93/3 1073/93/3
f 1052/318/2 1051/95/2 1078/95/2
f 1050/94/3 1052/318/3 1077/318/3
f 1051/95/3 1049/93/3 1076/93/3
f 1079/396/10 1082/555/10 1081/397/10
f 1080/398/2 1081/397/2 1084/397/2
f 1083/398/2 1084/397/2 1086/397/2
f 1088/596/2 1089/163/2 1090/524/2
f 1090/404/10 1092/406/10 1093/405/10
f 1092/406/3 1090/404/3 1094/597/3
f 1094/407/10 1096/409/10 1097/408/10
f 1099/598/2 1100/284/2 1101/280/2
f 1101/413/10 1103/555/10 1104/414/10
f 1053/274/13 1079/276/13 1080/289/13
f 1056/274/14 1055/298/14 1081/289/14
f 1056/281/6 1082/280/6 1079/502/6
f 1055/75/3 1058/75/3 1084/397/3
f 1057/298/3 1054/298/3 1080/289/3
f 1058/281/3 1060/281/3 1086/280/3
f 1059/77/3 1057/77/3 1083/398/3
f 1061/77/3 1059/77/3 1085/398/3
f 1064/520/6 1090/524/6 1089/163/6
f 1065/513/3 1062/513/3 1088/512/3
f 1066/520/5 1067/161/5 1093/160/5
f 1065/513/13 1091/512/13 1093/527/13
f 1068/300/13 1094/299/13 1090/512/13
f 1069/520/3 1066/520/3 1092/524/3
f 1070/300/14 1071/528/14 1097/527/14
f 1071/537/5 1069/520/5 1095/524/5
f 1072/300/3 1070/300/3 1096/299/3
